Filepath,sideAPath,sideBPath,sideCPath,sideDPath,calories,mass,fat,carb,protein
nutrition5k/imagery/overhead/dish_1561662054/rgb.png,nutrition5k/imagery/sideA/dish_1561662054/first_frame_camera_A.png,nutrition5k/imagery/sideB/dish_1561662054/first_frame_camera_B.png,nutrition5k/imagery/sideC/dish_1561662054/first_frame_camera_C.png,nutrition5k/imagery/sideD/dish_1561662054/first_frame_camera_D.png,419.438782,292.0,23.838249,26.351543,25.910593
nutrition5k/imagery/overhead/dish_1562008979/rgb.png,nutrition5k/imagery/sideA/dish_1562008979/first_frame_camera_A.png,nutrition5k/imagery/sideB/dish_1562008979/first_frame_camera_B.png,nutrition5k/imagery/sideC/dish_1562008979/first_frame_camera_C.png,nutrition5k/imagery/sideD/dish_1562008979/first_frame_camera_D.png,382.936646,290.0,22.224644,10.17357,35.345387
nutrition5k/imagery/overhead/dish_1560455030/rgb.png,nutrition5k/imagery/sideA/dish_1560455030/first_frame_camera_A.png,nutrition5k/imagery/sideB/dish_1560455030/first_frame_camera_B.png,nutrition5k/imagery/sideC/dish_1560455030/first_frame_camera_C.png,nutrition5k/imagery/sideD/dish_1560455030/first_frame_camera_D.png,20.59,103.0,0.148,4.625,0.956
nutrition5k/imagery/overhead/dish_1558372433/rgb.png,nutrition5k/imagery/sideA/dish_1558372433/first_frame_camera_A.png,nutrition5k/imagery/sideB/dish_1558372433/first_frame_camera_B.png,nutrition5k/imagery/sideC/dish_1558372433/first_frame_camera_C.png,nutrition5k/imagery/sideD/dish_1558372433/first_frame_camera_D.png,74.360001,143.0,0.286,0.429,20.02
nutrition5k/imagery/overhead/dish_1565640549/rgb.png,nutrition5k/imagery/sideA/dish_1565640549/first_frame_camera_A.png,nutrition5k/imagery/sideB/dish_1565640549/first_frame_camera_B.png,nutrition5k/imagery/sideC/dish_1565640549/first_frame_camera_C.png,nutrition5k/imagery/sideD/dish_1565640549/first_frame_camera_D.png,45.482903,139.0,1.568471,7.043886,2.641478
nutrition5k/imagery/overhead/dish_1563207364/rgb.png,nutrition5k/imagery/sideA/dish_1563207364/first_frame_camera_A.png,nutrition5k/imagery/sideB/dish_1563207364/first_frame_camera_B.png,nutrition5k/imagery/sideC/dish_1563207364/first_frame_camera_C.png,nutrition5k/imagery/sideD/dish_1563207364/first_frame_camera_D.png,309.269989,271.0,13.774,30.657,15.01
nutrition5k/imagery/overhead/dish_1561575474/rgb.png,nutrition5k/imagery/sideA/dish_1561575474/first_frame_camera_A.png,nutrition5k/imagery/sideB/dish_1561575474/first_frame_camera_B.png,nutrition5k/imagery/sideC/dish_1561575474/first_frame_camera_C.png,nutrition5k/imagery/sideD/dish_1561575474/first_frame_camera_D.png,120.058434,183.0,4.966118,17.412746,2.990431
nutrition5k/imagery/overhead/dish_1563216717/rgb.png,nutrition5k/imagery/sideA/dish_1563216717/first_frame_camera_A.png,nutrition5k/imagery/sideB/dish_1563216717/first_frame_camera_B.png,nutrition5k/imagery/sideC/dish_1563216717/first_frame_camera_C.png,nutrition5k/imagery/sideD/dish_1563216717/first_frame_camera_D.png,246.007996,332.0,5.636517,16.284782,33.06871
nutrition5k/imagery/overhead/dish_1565972591/rgb.png,nutrition5k/imagery/sideA/dish_1565972591/first_frame_camera_A.png,nutrition5k/imagery/sideB/dish_1565972591/first_frame_camera_B.png,nutrition5k/imagery/sideC/dish_1565972591/first_frame_camera_C.png,nutrition5k/imagery/sideD/dish_1565972591/first_frame_camera_D.png,195.199997,122.0,12.2,3.66,17.08
nutrition5k/imagery/overhead/dish_1562183096/rgb.png,nutrition5k/imagery/sideA/dish_1562183096/first_frame_camera_A.png,nutrition5k/imagery/sideB/dish_1562183096/first_frame_camera_B.png,nutrition5k/imagery/sideC/dish_1562183096/first_frame_camera_C.png,nutrition5k/imagery/sideD/dish_1562183096/first_frame_camera_D.png,41.18898,95.0,2.571043,3.28026,2.80497
nutrition5k/imagery/overhead/dish_1563476551/rgb.png,nutrition5k/imagery/sideA/dish_1563476551/first_frame_camera_A.png,nutrition5k/imagery/sideB/dish_1563476551/first_frame_camera_B.png,nutrition5k/imagery/sideC/dish_1563476551/first_frame_camera_C.png,nutrition5k/imagery/sideD/dish_1563476551/first_frame_camera_D.png,1116.391113,750.0,51.413692,74.705963,85.498482
nutrition5k/imagery/overhead/dish_1559844951/rgb.png,nutrition5k/imagery/sideA/dish_1559844951/first_frame_camera_A.png,nutrition5k/imagery/sideB/dish_1559844951/first_frame_camera_B.png,nutrition5k/imagery/sideC/dish_1559844951/first_frame_camera_C.png,nutrition5k/imagery/sideD/dish_1559844951/first_frame_camera_D.png,274.335999,122.0,17.906,22.792,9.784
nutrition5k/imagery/overhead/dish_1562963704/rgb.png,nutrition5k/imagery/sideA/dish_1562963704/first_frame_camera_A.png,nutrition5k/imagery/sideB/dish_1562963704/first_frame_camera_B.png,nutrition5k/imagery/sideC/dish_1562963704/first_frame_camera_C.png,nutrition5k/imagery/sideD/dish_1562963704/first_frame_camera_D.png,663.755798,479.0,28.423254,66.054832,35.921761
nutrition5k/imagery/overhead/dish_1566417398/rgb.png,nutrition5k/imagery/sideA/dish_1566417398/first_frame_camera_A.png,nutrition5k/imagery/sideB/dish_1566417398/first_frame_camera_B.png,nutrition5k/imagery/sideC/dish_1566417398/first_frame_camera_C.png,nutrition5k/imagery/sideD/dish_1566417398/first_frame_camera_D.png,56.892494,46.0,5.357862,2.088042,0.792647
nutrition5k/imagery/overhead/dish_1561739238/rgb.png,nutrition5k/imagery/sideA/dish_1561739238/first_frame_camera_A.png,nutrition5k/imagery/sideB/dish_1561739238/first_frame_camera_B.png,nutrition5k/imagery/sideC/dish_1561739238/first_frame_camera_C.png,nutrition5k/imagery/sideD/dish_1561739238/first_frame_camera_D.png,274.190002,257.0,9.785,37.556999,9.465
nutrition5k/imagery/overhead/dish_1562611680/rgb.png,nutrition5k/imagery/sideA/dish_1562611680/first_frame_camera_A.png,nutrition5k/imagery/sideB/dish_1562611680/first_frame_camera_B.png,nutrition5k/imagery/sideC/dish_1562611680/first_frame_camera_C.png,nutrition5k/imagery/sideD/dish_1562611680/first_frame_camera_D.png,326.888977,256.0,19.411798,24.775015,16.028036
nutrition5k/imagery/overhead/dish_1563468327/rgb.png,nutrition5k/imagery/sideA/dish_1563468327/first_frame_camera_A.png,nutrition5k/imagery/sideB/dish_1563468327/first_frame_camera_B.png,nutrition5k/imagery/sideC/dish_1563468327/first_frame_camera_C.png,nutrition5k/imagery/sideD/dish_1563468327/first_frame_camera_D.png,351.886047,483.0,9.768622,57.495316,12.099887
nutrition5k/imagery/overhead/dish_1562862493/rgb.png,nutrition5k/imagery/sideA/dish_1562862493/first_frame_camera_A.png,nutrition5k/imagery/sideB/dish_1562862493/first_frame_camera_B.png,nutrition5k/imagery/sideC/dish_1562862493/first_frame_camera_C.png,nutrition5k/imagery/sideD/dish_1562862493/first_frame_camera_D.png,198.320007,134.0,14.74,2.144,13.400001
nutrition5k/imagery/overhead/dish_1558549008/rgb.png,nutrition5k/imagery/sideA/dish_1558549008/first_frame_camera_A.png,nutrition5k/imagery/sideB/dish_1558549008/first_frame_camera_B.png,nutrition5k/imagery/sideC/dish_1558549008/first_frame_camera_C.png,nutrition5k/imagery/sideD/dish_1558549008/first_frame_camera_D.png,20.700001,115.0,0.23,4.485,1.035
nutrition5k/imagery/overhead/dish_1560453174/rgb.png,nutrition5k/imagery/sideA/dish_1560453174/first_frame_camera_A.png,nutrition5k/imagery/sideB/dish_1560453174/first_frame_camera_B.png,nutrition5k/imagery/sideC/dish_1560453174/first_frame_camera_C.png,nutrition5k/imagery/sideD/dish_1560453174/first_frame_camera_D.png,329.716248,256.0,18.145134,10.521854,32.1376
nutrition5k/imagery/overhead/dish_1562691032/rgb.png,nutrition5k/imagery/sideA/dish_1562691032/first_frame_camera_A.png,nutrition5k/imagery/sideB/dish_1562691032/first_frame_camera_B.png,nutrition5k/imagery/sideC/dish_1562691032/first_frame_camera_C.png,nutrition5k/imagery/sideD/dish_1562691032/first_frame_camera_D.png,419.681702,415.0,22.039829,39.058826,17.94734
nutrition5k/imagery/overhead/dish_1563824250/rgb.png,nutrition5k/imagery/sideA/dish_1563824250/first_frame_camera_A.png,nutrition5k/imagery/sideB/dish_1563824250/first_frame_camera_B.png,nutrition5k/imagery/sideC/dish_1563824250/first_frame_camera_C.png,nutrition5k/imagery/sideD/dish_1563824250/first_frame_camera_D.png,17.200001,43.0,0.043,3.87,0.473
nutrition5k/imagery/overhead/dish_1560543755/rgb.png,nutrition5k/imagery/sideA/dish_1560543755/first_frame_camera_A.png,nutrition5k/imagery/sideB/dish_1560543755/first_frame_camera_B.png,nutrition5k/imagery/sideC/dish_1560543755/first_frame_camera_C.png,nutrition5k/imagery/sideD/dish_1560543755/first_frame_camera_D.png,257.924927,264.0,8.887804,27.355255,17.404505
nutrition5k/imagery/overhead/dish_1558549773/rgb.png,nutrition5k/imagery/sideA/dish_1558549773/first_frame_camera_A.png,nutrition5k/imagery/sideB/dish_1558549773/first_frame_camera_B.png,nutrition5k/imagery/sideC/dish_1558549773/first_frame_camera_C.png,nutrition5k/imagery/sideD/dish_1558549773/first_frame_camera_D.png,2.3,10.0,0.04,0.36,0.29
nutrition5k/imagery/overhead/dish_1563822597/rgb.png,nutrition5k/imagery/sideA/dish_1563822597/first_frame_camera_A.png,nutrition5k/imagery/sideB/dish_1563822597/first_frame_camera_B.png,nutrition5k/imagery/sideC/dish_1563822597/first_frame_camera_C.png,nutrition5k/imagery/sideD/dish_1563822597/first_frame_camera_D.png,59.400002,176.0,2.170667,7.626667,4.106667
nutrition5k/imagery/overhead/dish_1566920365/rgb.png,nutrition5k/imagery/sideA/dish_1566920365/first_frame_camera_A.png,nutrition5k/imagery/sideB/dish_1566920365/first_frame_camera_B.png,nutrition5k/imagery/sideC/dish_1566920365/first_frame_camera_C.png,nutrition5k/imagery/sideD/dish_1566920365/first_frame_camera_D.png,490.421692,871.0,5.324439,41.393566,60.675976
nutrition5k/imagery/overhead/dish_1563984242/rgb.png,nutrition5k/imagery/sideA/dish_1563984242/first_frame_camera_A.png,nutrition5k/imagery/sideB/dish_1563984242/first_frame_camera_B.png,nutrition5k/imagery/sideC/dish_1563984242/first_frame_camera_C.png,nutrition5k/imagery/sideD/dish_1563984242/first_frame_camera_D.png,402.117035,753.0,3.30239,36.819611,49.407761
nutrition5k/imagery/overhead/dish_1558459276/rgb.png,nutrition5k/imagery/sideA/dish_1558459276/first_frame_camera_A.png,nutrition5k/imagery/sideB/dish_1558459276/first_frame_camera_B.png,nutrition5k/imagery/sideC/dish_1558459276/first_frame_camera_C.png,nutrition5k/imagery/sideD/dish_1558459276/first_frame_camera_D.png,102.699997,79.0,0.237,22.120001,2.133
nutrition5k/imagery/overhead/dish_1560974707/rgb.png,nutrition5k/imagery/sideA/dish_1560974707/first_frame_camera_A.png,nutrition5k/imagery/sideB/dish_1560974707/first_frame_camera_B.png,nutrition5k/imagery/sideC/dish_1560974707/first_frame_camera_C.png,nutrition5k/imagery/sideD/dish_1560974707/first_frame_camera_D.png,55.025124,60.0,2.003546,7.088692,2.992605
nutrition5k/imagery/overhead/dish_1565119669/rgb.png,nutrition5k/imagery/sideA/dish_1565119669/first_frame_camera_A.png,nutrition5k/imagery/sideB/dish_1565119669/first_frame_camera_B.png,nutrition5k/imagery/sideC/dish_1565119669/first_frame_camera_C.png,nutrition5k/imagery/sideD/dish_1565119669/first_frame_camera_D.png,55.965,229.0,1.0305,10.842,3.2725
nutrition5k/imagery/overhead/dish_1566417516/rgb.png,nutrition5k/imagery/sideA/dish_1566417516/first_frame_camera_A.png,nutrition5k/imagery/sideB/dish_1566417516/first_frame_camera_B.png,nutrition5k/imagery/sideC/dish_1566417516/first_frame_camera_C.png,nutrition5k/imagery/sideD/dish_1566417516/first_frame_camera_D.png,385.402527,425.0,36.516472,23.505039,33.699574
nutrition5k/imagery/overhead/dish_1563393217/rgb.png,nutrition5k/imagery/sideA/dish_1563393217/first_frame_camera_A.png,nutrition5k/imagery/sideB/dish_1563393217/first_frame_camera_B.png,nutrition5k/imagery/sideC/dish_1563393217/first_frame_camera_C.png,nutrition5k/imagery/sideD/dish_1563393217/first_frame_camera_D.png,49.230003,228.0,0.467667,9.802668,2.865667
nutrition5k/imagery/overhead/dish_1562789268/rgb.png,nutrition5k/imagery/sideA/dish_1562789268/first_frame_camera_A.png,nutrition5k/imagery/sideB/dish_1562789268/first_frame_camera_B.png,nutrition5k/imagery/sideC/dish_1562789268/first_frame_camera_C.png,nutrition5k/imagery/sideD/dish_1562789268/first_frame_camera_D.png,569.511536,350.0,22.733551,64.756828,32.585655
nutrition5k/imagery/overhead/dish_1563998323/rgb.png,nutrition5k/imagery/sideA/dish_1563998323/first_frame_camera_A.png,nutrition5k/imagery/sideB/dish_1563998323/first_frame_camera_B.png,nutrition5k/imagery/sideC/dish_1563998323/first_frame_camera_C.png,nutrition5k/imagery/sideD/dish_1563998323/first_frame_camera_D.png,634.505066,574.0,32.486301,35.302532,52.964516
nutrition5k/imagery/overhead/dish_1559700851/rgb.png,nutrition5k/imagery/sideA/dish_1559700851/first_frame_camera_A.png,nutrition5k/imagery/sideB/dish_1559700851/first_frame_camera_B.png,nutrition5k/imagery/sideC/dish_1559700851/first_frame_camera_C.png,nutrition5k/imagery/sideD/dish_1559700851/first_frame_camera_D.png,61.089886,54.0,5.827236,1.897059,1.151647
nutrition5k/imagery/overhead/dish_1561492204/rgb.png,nutrition5k/imagery/sideA/dish_1561492204/first_frame_camera_A.png,nutrition5k/imagery/sideB/dish_1561492204/first_frame_camera_B.png,nutrition5k/imagery/sideC/dish_1561492204/first_frame_camera_C.png,nutrition5k/imagery/sideD/dish_1561492204/first_frame_camera_D.png,488.636322,334.0,15.686282,49.120712,37.193401
nutrition5k/imagery/overhead/dish_1567613057/rgb.png,nutrition5k/imagery/sideA/dish_1567613057/first_frame_camera_A.png,nutrition5k/imagery/sideB/dish_1567613057/first_frame_camera_B.png,nutrition5k/imagery/sideC/dish_1567613057/first_frame_camera_C.png,nutrition5k/imagery/sideD/dish_1567613057/first_frame_camera_D.png,406.68631,749.0,4.968488,45.862511,40.6982
nutrition5k/imagery/overhead/dish_1563996485/rgb.png,nutrition5k/imagery/sideA/dish_1563996485/first_frame_camera_A.png,nutrition5k/imagery/sideB/dish_1563996485/first_frame_camera_B.png,nutrition5k/imagery/sideC/dish_1563996485/first_frame_camera_C.png,nutrition5k/imagery/sideD/dish_1563996485/first_frame_camera_D.png,178.039185,201.0,11.607642,16.567097,4.172902
nutrition5k/imagery/overhead/dish_1559678330/rgb.png,nutrition5k/imagery/sideA/dish_1559678330/first_frame_camera_A.png,nutrition5k/imagery/sideB/dish_1559678330/first_frame_camera_B.png,nutrition5k/imagery/sideC/dish_1559678330/first_frame_camera_C.png,nutrition5k/imagery/sideD/dish_1559678330/first_frame_camera_D.png,169.694122,150.0,16.186766,5.269608,3.199019
nutrition5k/imagery/overhead/dish_1563998210/rgb.png,nutrition5k/imagery/sideA/dish_1563998210/first_frame_camera_A.png,nutrition5k/imagery/sideB/dish_1563998210/first_frame_camera_B.png,nutrition5k/imagery/sideC/dish_1563998210/first_frame_camera_C.png,nutrition5k/imagery/sideD/dish_1563998210/first_frame_camera_D.png,148.089218,91.0,4.958992,2.163187,22.614895
nutrition5k/imagery/overhead/dish_1565033110/rgb.png,nutrition5k/imagery/sideA/dish_1565033110/first_frame_camera_A.png,nutrition5k/imagery/sideB/dish_1565033110/first_frame_camera_B.png,nutrition5k/imagery/sideC/dish_1565033110/first_frame_camera_C.png,nutrition5k/imagery/sideD/dish_1565033110/first_frame_camera_D.png,47.599998,147.0,0.588,9.355,3.418
nutrition5k/imagery/overhead/dish_1558459115/rgb.png,nutrition5k/imagery/sideA/dish_1558459115/first_frame_camera_A.png,nutrition5k/imagery/sideB/dish_1558459115/first_frame_camera_B.png,nutrition5k/imagery/sideC/dish_1558459115/first_frame_camera_C.png,nutrition5k/imagery/sideD/dish_1558459115/first_frame_camera_D.png,271.540009,298.0,10.487999,43.459003,6.616
nutrition5k/imagery/overhead/dish_1558376306/rgb.png,nutrition5k/imagery/sideA/dish_1558376306/first_frame_camera_A.png,nutrition5k/imagery/sideB/dish_1558376306/first_frame_camera_B.png,nutrition5k/imagery/sideC/dish_1558376306/first_frame_camera_C.png,nutrition5k/imagery/sideD/dish_1558376306/first_frame_camera_D.png,372.167999,108.0,29.484001,4.536,20.844
nutrition5k/imagery/overhead/dish_1558114086/rgb.png,nutrition5k/imagery/sideA/dish_1558114086/first_frame_camera_A.png,nutrition5k/imagery/sideB/dish_1558114086/first_frame_camera_B.png,nutrition5k/imagery/sideC/dish_1558114086/first_frame_camera_C.png,nutrition5k/imagery/sideD/dish_1558114086/first_frame_camera_D.png,74.360001,143.0,0.286,0.429,20.02
nutrition5k/imagery/overhead/dish_1563468269/rgb.png,nutrition5k/imagery/sideA/dish_1563468269/first_frame_camera_A.png,nutrition5k/imagery/sideB/dish_1563468269/first_frame_camera_B.png,nutrition5k/imagery/sideC/dish_1563468269/first_frame_camera_C.png,nutrition5k/imagery/sideD/dish_1563468269/first_frame_camera_D.png,129.01001,302.0,0.56,32.762001,1.768
nutrition5k/imagery/overhead/dish_1558380557/rgb.png,nutrition5k/imagery/sideA/dish_1558380557/first_frame_camera_A.png,nutrition5k/imagery/sideB/dish_1558380557/first_frame_camera_B.png,nutrition5k/imagery/sideC/dish_1558380557/first_frame_camera_C.png,nutrition5k/imagery/sideD/dish_1558380557/first_frame_camera_D.png,699.320068,212.0,54.440002,24.960001,32.732002
nutrition5k/imagery/overhead/dish_1562873028/rgb.png,nutrition5k/imagery/sideA/dish_1562873028/first_frame_camera_A.png,nutrition5k/imagery/sideB/dish_1562873028/first_frame_camera_B.png,nutrition5k/imagery/sideC/dish_1562873028/first_frame_camera_C.png,nutrition5k/imagery/sideD/dish_1562873028/first_frame_camera_D.png,280.3414,320.0,16.123878,34.232201,20.963665
nutrition5k/imagery/overhead/dish_1558115867/rgb.png,nutrition5k/imagery/sideA/dish_1558115867/first_frame_camera_A.png,nutrition5k/imagery/sideB/dish_1558115867/first_frame_camera_B.png,nutrition5k/imagery/sideC/dish_1558115867/first_frame_camera_C.png,nutrition5k/imagery/sideD/dish_1558115867/first_frame_camera_D.png,132.962997,23.0,11.385,5.221,5.152
nutrition5k/imagery/overhead/dish_1561580370/rgb.png,nutrition5k/imagery/sideA/dish_1561580370/first_frame_camera_A.png,nutrition5k/imagery/sideB/dish_1561580370/first_frame_camera_B.png,nutrition5k/imagery/sideC/dish_1561580370/first_frame_camera_C.png,nutrition5k/imagery/sideD/dish_1561580370/first_frame_camera_D.png,126.795876,124.0,4.96353,16.20141,5.41
nutrition5k/imagery/overhead/dish_1562618000/rgb.png,nutrition5k/imagery/sideA/dish_1562618000/first_frame_camera_A.png,nutrition5k/imagery/sideB/dish_1562618000/first_frame_camera_B.png,nutrition5k/imagery/sideC/dish_1562618000/first_frame_camera_C.png,nutrition5k/imagery/sideD/dish_1562618000/first_frame_camera_D.png,685.993896,448.0,36.103981,30.821442,59.159676
nutrition5k/imagery/overhead/dish_1561061658/rgb.png,nutrition5k/imagery/sideA/dish_1561061658/first_frame_camera_A.png,nutrition5k/imagery/sideB/dish_1561061658/first_frame_camera_B.png,nutrition5k/imagery/sideC/dish_1561061658/first_frame_camera_C.png,nutrition5k/imagery/sideD/dish_1561061658/first_frame_camera_D.png,226.000137,227.0,12.284481,24.678637,8.949248
nutrition5k/imagery/overhead/dish_1559838402/rgb.png,nutrition5k/imagery/sideA/dish_1559838402/first_frame_camera_A.png,nutrition5k/imagery/sideB/dish_1559838402/first_frame_camera_B.png,nutrition5k/imagery/sideC/dish_1559838402/first_frame_camera_C.png,nutrition5k/imagery/sideD/dish_1559838402/first_frame_camera_D.png,222.759506,233.0,3.797,43.154999,5.249
nutrition5k/imagery/overhead/dish_1561753238/rgb.png,nutrition5k/imagery/sideA/dish_1561753238/first_frame_camera_A.png,nutrition5k/imagery/sideB/dish_1561753238/first_frame_camera_B.png,nutrition5k/imagery/sideC/dish_1561753238/first_frame_camera_C.png,nutrition5k/imagery/sideD/dish_1561753238/first_frame_camera_D.png,298.034393,333.0,13.71139,14.026631,28.881098
nutrition5k/imagery/overhead/dish_1566938026/rgb.png,nutrition5k/imagery/sideA/dish_1566938026/first_frame_camera_A.png,nutrition5k/imagery/sideB/dish_1566938026/first_frame_camera_B.png,nutrition5k/imagery/sideC/dish_1566938026/first_frame_camera_C.png,nutrition5k/imagery/sideD/dish_1566938026/first_frame_camera_D.png,450.576294,219.0,17.546904,37.536308,33.509502
nutrition5k/imagery/overhead/dish_1562617703/rgb.png,nutrition5k/imagery/sideA/dish_1562617703/first_frame_camera_A.png,nutrition5k/imagery/sideB/dish_1562617703/first_frame_camera_B.png,nutrition5k/imagery/sideC/dish_1562617703/first_frame_camera_C.png,nutrition5k/imagery/sideD/dish_1562617703/first_frame_camera_D.png,179.630005,110.0,6.49,26.950001,4.51
nutrition5k/imagery/overhead/dish_1559751801/rgb.png,nutrition5k/imagery/sideA/dish_1559751801/first_frame_camera_A.png,nutrition5k/imagery/sideB/dish_1559751801/first_frame_camera_B.png,nutrition5k/imagery/sideC/dish_1559751801/first_frame_camera_C.png,nutrition5k/imagery/sideD/dish_1559751801/first_frame_camera_D.png,451.635986,343.0,22.040001,32.778,29.228001
nutrition5k/imagery/overhead/dish_1564000490/rgb.png,nutrition5k/imagery/sideA/dish_1564000490/first_frame_camera_A.png,nutrition5k/imagery/sideB/dish_1564000490/first_frame_camera_B.png,nutrition5k/imagery/sideC/dish_1564000490/first_frame_camera_C.png,nutrition5k/imagery/sideD/dish_1564000490/first_frame_camera_D.png,532.706482,325.0,19.150002,49.639648,39.909866
nutrition5k/imagery/overhead/dish_1564000459/rgb.png,nutrition5k/imagery/sideA/dish_1564000459/first_frame_camera_A.png,nutrition5k/imagery/sideB/dish_1564000459/first_frame_camera_B.png,nutrition5k/imagery/sideC/dish_1564000459/first_frame_camera_C.png,nutrition5k/imagery/sideD/dish_1564000459/first_frame_camera_D.png,485.186493,217.0,16.882004,44.995647,36.453865
nutrition5k/imagery/overhead/dish_1558457530/rgb.png,nutrition5k/imagery/sideA/dish_1558457530/first_frame_camera_A.png,nutrition5k/imagery/sideB/dish_1558457530/first_frame_camera_B.png,nutrition5k/imagery/sideC/dish_1558457530/first_frame_camera_C.png,nutrition5k/imagery/sideD/dish_1558457530/first_frame_camera_D.png,16.0,64.0,0.192,3.2,1.152
nutrition5k/imagery/overhead/dish_1567628157/rgb.png,nutrition5k/imagery/sideA/dish_1567628157/first_frame_camera_A.png,nutrition5k/imagery/sideB/dish_1567628157/first_frame_camera_B.png,nutrition5k/imagery/sideC/dish_1567628157/first_frame_camera_C.png,nutrition5k/imagery/sideD/dish_1567628157/first_frame_camera_D.png,373.190979,355.0,36.018696,25.867041,37.479683
nutrition5k/imagery/overhead/dish_1566502505/rgb.png,nutrition5k/imagery/sideA/dish_1566502505/first_frame_camera_A.png,nutrition5k/imagery/sideB/dish_1566502505/first_frame_camera_B.png,nutrition5k/imagery/sideC/dish_1566502505/first_frame_camera_C.png,nutrition5k/imagery/sideD/dish_1566502505/first_frame_camera_D.png,454.517365,275.0,22.45969,33.146801,31.874937
nutrition5k/imagery/overhead/dish_1565728415/rgb.png,nutrition5k/imagery/sideA/dish_1565728415/first_frame_camera_A.png,nutrition5k/imagery/sideB/dish_1565728415/first_frame_camera_B.png,nutrition5k/imagery/sideC/dish_1565728415/first_frame_camera_C.png,nutrition5k/imagery/sideD/dish_1565728415/first_frame_camera_D.png,194.42775,80.0,8.405299,16.724396,12.005533
nutrition5k/imagery/overhead/dish_1565383026/rgb.png,nutrition5k/imagery/sideA/dish_1565383026/first_frame_camera_A.png,nutrition5k/imagery/sideB/dish_1565383026/first_frame_camera_B.png,nutrition5k/imagery/sideC/dish_1565383026/first_frame_camera_C.png,nutrition5k/imagery/sideD/dish_1565383026/first_frame_camera_D.png,171.559998,287.0,14.031,12.198999,3.695
nutrition5k/imagery/overhead/dish_1566849923/rgb.png,nutrition5k/imagery/sideA/dish_1566849923/first_frame_camera_A.png,nutrition5k/imagery/sideB/dish_1566849923/first_frame_camera_B.png,nutrition5k/imagery/sideC/dish_1566849923/first_frame_camera_C.png,nutrition5k/imagery/sideD/dish_1566849923/first_frame_camera_D.png,127.970001,240.0,7.515,16.214001,2.093
nutrition5k/imagery/overhead/dish_1562959732/rgb.png,nutrition5k/imagery/sideA/dish_1562959732/first_frame_camera_A.png,nutrition5k/imagery/sideB/dish_1562959732/first_frame_camera_B.png,nutrition5k/imagery/sideC/dish_1562959732/first_frame_camera_C.png,nutrition5k/imagery/sideD/dish_1562959732/first_frame_camera_D.png,374.663696,232.0,14.678156,31.110981,28.858997
nutrition5k/imagery/overhead/dish_1560368972/rgb.png,nutrition5k/imagery/sideA/dish_1560368972/first_frame_camera_A.png,nutrition5k/imagery/sideB/dish_1560368972/first_frame_camera_B.png,nutrition5k/imagery/sideC/dish_1560368972/first_frame_camera_C.png,nutrition5k/imagery/sideD/dish_1560368972/first_frame_camera_D.png,196.840424,107.0,8.696033,13.621221,14.67344
nutrition5k/imagery/overhead/dish_1566502537/rgb.png,nutrition5k/imagery/sideA/dish_1566502537/first_frame_camera_A.png,nutrition5k/imagery/sideB/dish_1566502537/first_frame_camera_B.png,nutrition5k/imagery/sideC/dish_1566502537/first_frame_camera_C.png,nutrition5k/imagery/sideD/dish_1566502537/first_frame_camera_D.png,517.644226,315.0,24.27223,34.292435,41.827816
nutrition5k/imagery/overhead/dish_1561576590/rgb.png,nutrition5k/imagery/sideA/dish_1561576590/first_frame_camera_A.png,nutrition5k/imagery/sideB/dish_1561576590/first_frame_camera_B.png,nutrition5k/imagery/sideC/dish_1561576590/first_frame_camera_C.png,nutrition5k/imagery/sideD/dish_1561576590/first_frame_camera_D.png,29.231468,101.0,1.295191,3.387423,0.896671
nutrition5k/imagery/overhead/dish_1561392512/rgb.png,nutrition5k/imagery/sideA/dish_1561392512/first_frame_camera_A.png,nutrition5k/imagery/sideB/dish_1561392512/first_frame_camera_B.png,nutrition5k/imagery/sideC/dish_1561392512/first_frame_camera_C.png,nutrition5k/imagery/sideD/dish_1561392512/first_frame_camera_D.png,42.75,75.0,0.225,10.5,0.525
nutrition5k/imagery/overhead/dish_1566838407/rgb.png,nutrition5k/imagery/sideA/dish_1566838407/first_frame_camera_A.png,nutrition5k/imagery/sideB/dish_1566838407/first_frame_camera_B.png,nutrition5k/imagery/sideC/dish_1566838407/first_frame_camera_C.png,nutrition5k/imagery/sideD/dish_1566838407/first_frame_camera_D.png,358.947601,558.0,9.825659,62.420345,9.731463
nutrition5k/imagery/overhead/dish_1563824339/rgb.png,nutrition5k/imagery/sideA/dish_1563824339/first_frame_camera_A.png,nutrition5k/imagery/sideB/dish_1563824339/first_frame_camera_B.png,nutrition5k/imagery/sideC/dish_1563824339/first_frame_camera_C.png,nutrition5k/imagery/sideD/dish_1563824339/first_frame_camera_D.png,85.339996,175.0,4.087,12.075,2.098
nutrition5k/imagery/overhead/dish_1567021831/rgb.png,nutrition5k/imagery/sideA/dish_1567021831/first_frame_camera_A.png,nutrition5k/imagery/sideB/dish_1567021831/first_frame_camera_B.png,nutrition5k/imagery/sideC/dish_1567021831/first_frame_camera_C.png,nutrition5k/imagery/sideD/dish_1567021831/first_frame_camera_D.png,252.435623,228.0,27.216339,8.228521,22.713125
nutrition5k/imagery/overhead/dish_1559846099/rgb.png,nutrition5k/imagery/sideA/dish_1559846099/first_frame_camera_A.png,nutrition5k/imagery/sideB/dish_1559846099/first_frame_camera_B.png,nutrition5k/imagery/sideC/dish_1559846099/first_frame_camera_C.png,nutrition5k/imagery/sideD/dish_1559846099/first_frame_camera_D.png,206.938995,114.0,14.642001,15.712999,7.688
nutrition5k/imagery/overhead/dish_1562873155/rgb.png,nutrition5k/imagery/sideA/dish_1562873155/first_frame_camera_A.png,nutrition5k/imagery/sideB/dish_1562873155/first_frame_camera_B.png,nutrition5k/imagery/sideC/dish_1562873155/first_frame_camera_C.png,nutrition5k/imagery/sideD/dish_1562873155/first_frame_camera_D.png,41.33675,79.0,2.052025,5.39175,1.38645
nutrition5k/imagery/overhead/dish_1562094621/rgb.png,nutrition5k/imagery/sideA/dish_1562094621/first_frame_camera_A.png,nutrition5k/imagery/sideB/dish_1562094621/first_frame_camera_B.png,nutrition5k/imagery/sideC/dish_1562094621/first_frame_camera_C.png,nutrition5k/imagery/sideD/dish_1562094621/first_frame_camera_D.png,10.54,34.0,0.034,2.38,0.612
nutrition5k/imagery/overhead/dish_1563900150/rgb.png,nutrition5k/imagery/sideA/dish_1563900150/first_frame_camera_A.png,nutrition5k/imagery/sideB/dish_1563900150/first_frame_camera_B.png,nutrition5k/imagery/sideC/dish_1563900150/first_frame_camera_C.png,nutrition5k/imagery/sideD/dish_1563900150/first_frame_camera_D.png,202.2966,154.0,12.745122,10.284879,10.978048
nutrition5k/imagery/overhead/dish_1562086702/rgb.png,nutrition5k/imagery/sideA/dish_1562086702/first_frame_camera_A.png,nutrition5k/imagery/sideB/dish_1562086702/first_frame_camera_B.png,nutrition5k/imagery/sideC/dish_1562086702/first_frame_camera_C.png,nutrition5k/imagery/sideD/dish_1562086702/first_frame_camera_D.png,178.529999,33.0,13.86,0.462,12.21
nutrition5k/imagery/overhead/dish_1561662458/rgb.png,nutrition5k/imagery/sideA/dish_1561662458/first_frame_camera_A.png,nutrition5k/imagery/sideB/dish_1561662458/first_frame_camera_B.png,nutrition5k/imagery/sideC/dish_1561662458/first_frame_camera_C.png,nutrition5k/imagery/sideD/dish_1561662458/first_frame_camera_D.png,124.815498,119.0,4.855837,21.055183,3.202388
nutrition5k/imagery/overhead/dish_1559845290/rgb.png,nutrition5k/imagery/sideA/dish_1559845290/first_frame_camera_A.png,nutrition5k/imagery/sideB/dish_1559845290/first_frame_camera_B.png,nutrition5k/imagery/sideC/dish_1559845290/first_frame_camera_C.png,nutrition5k/imagery/sideD/dish_1559845290/first_frame_camera_D.png,66.220001,86.0,0.086,14.62,1.72
nutrition5k/imagery/overhead/dish_1559844506/rgb.png,nutrition5k/imagery/sideA/dish_1559844506/first_frame_camera_A.png,nutrition5k/imagery/sideB/dish_1559844506/first_frame_camera_B.png,nutrition5k/imagery/sideC/dish_1559844506/first_frame_camera_C.png,nutrition5k/imagery/sideD/dish_1559844506/first_frame_camera_D.png,98.959999,180.0,0.459,25.1,1.312
nutrition5k/imagery/overhead/dish_1560360055/rgb.png,nutrition5k/imagery/sideA/dish_1560360055/first_frame_camera_A.png,nutrition5k/imagery/sideB/dish_1560360055/first_frame_camera_B.png,nutrition5k/imagery/sideC/dish_1560360055/first_frame_camera_C.png,nutrition5k/imagery/sideD/dish_1560360055/first_frame_camera_D.png,362.734009,180.0,27.786999,4.154,22.556999
nutrition5k/imagery/overhead/dish_1567106825/rgb.png,nutrition5k/imagery/sideA/dish_1567106825/first_frame_camera_A.png,nutrition5k/imagery/sideB/dish_1567106825/first_frame_camera_B.png,nutrition5k/imagery/sideC/dish_1567106825/first_frame_camera_C.png,nutrition5k/imagery/sideD/dish_1567106825/first_frame_camera_D.png,220.200867,104.0,16.905151,3.357732,13.460875
nutrition5k/imagery/overhead/dish_1562099053/rgb.png,nutrition5k/imagery/sideA/dish_1562099053/first_frame_camera_A.png,nutrition5k/imagery/sideB/dish_1562099053/first_frame_camera_B.png,nutrition5k/imagery/sideC/dish_1562099053/first_frame_camera_C.png,nutrition5k/imagery/sideD/dish_1562099053/first_frame_camera_D.png,98.382996,37.0,3.478,12.395,4.144
nutrition5k/imagery/overhead/dish_1560453380/rgb.png,nutrition5k/imagery/sideA/dish_1560453380/first_frame_camera_A.png,nutrition5k/imagery/sideB/dish_1560453380/first_frame_camera_B.png,nutrition5k/imagery/sideC/dish_1560453380/first_frame_camera_C.png,nutrition5k/imagery/sideD/dish_1560453380/first_frame_camera_D.png,411.388397,480.0,15.234276,25.491495,41.922752
nutrition5k/imagery/overhead/dish_1566849327/rgb.png,nutrition5k/imagery/sideA/dish_1566849327/first_frame_camera_A.png,nutrition5k/imagery/sideB/dish_1566849327/first_frame_camera_B.png,nutrition5k/imagery/sideC/dish_1566849327/first_frame_camera_C.png,nutrition5k/imagery/sideD/dish_1566849327/first_frame_camera_D.png,551.702026,362.0,31.255999,14.87,55.122002
nutrition5k/imagery/overhead/dish_1560527191/rgb.png,nutrition5k/imagery/sideA/dish_1560527191/first_frame_camera_A.png,nutrition5k/imagery/sideB/dish_1560527191/first_frame_camera_B.png,nutrition5k/imagery/sideC/dish_1560527191/first_frame_camera_C.png,nutrition5k/imagery/sideD/dish_1560527191/first_frame_camera_D.png,663.989319,318.0,45.395912,28.933577,34.38044
nutrition5k/imagery/overhead/dish_1563898786/rgb.png,nutrition5k/imagery/sideA/dish_1563898786/first_frame_camera_A.png,nutrition5k/imagery/sideB/dish_1563898786/first_frame_camera_B.png,nutrition5k/imagery/sideC/dish_1563898786/first_frame_camera_C.png,nutrition5k/imagery/sideD/dish_1563898786/first_frame_camera_D.png,420.928467,344.0,31.47023,11.427504,23.636036
nutrition5k/imagery/overhead/dish_1560973958/rgb.png,nutrition5k/imagery/sideA/dish_1560973958/first_frame_camera_A.png,nutrition5k/imagery/sideB/dish_1560973958/first_frame_camera_B.png,nutrition5k/imagery/sideC/dish_1560973958/first_frame_camera_C.png,nutrition5k/imagery/sideD/dish_1560973958/first_frame_camera_D.png,145.313232,121.0,6.214187,20.729744,4.312272
nutrition5k/imagery/overhead/dish_1558546663/rgb.png,nutrition5k/imagery/sideA/dish_1558546663/first_frame_camera_A.png,nutrition5k/imagery/sideB/dish_1558546663/first_frame_camera_B.png,nutrition5k/imagery/sideC/dish_1558546663/first_frame_camera_C.png,nutrition5k/imagery/sideD/dish_1558546663/first_frame_camera_D.png,330.734009,197.0,22.108002,30.264,10.601
nutrition5k/imagery/overhead/dish_1563206582/rgb.png,nutrition5k/imagery/sideA/dish_1563206582/first_frame_camera_A.png,nutrition5k/imagery/sideB/dish_1563206582/first_frame_camera_B.png,nutrition5k/imagery/sideC/dish_1563206582/first_frame_camera_C.png,nutrition5k/imagery/sideD/dish_1563206582/first_frame_camera_D.png,229.248688,320.0,4.417208,16.967773,26.033964
nutrition5k/imagery/overhead/dish_1565207815/rgb.png,nutrition5k/imagery/sideA/dish_1565207815/first_frame_camera_A.png,nutrition5k/imagery/sideB/dish_1565207815/first_frame_camera_B.png,nutrition5k/imagery/sideC/dish_1565207815/first_frame_camera_C.png,nutrition5k/imagery/sideD/dish_1565207815/first_frame_camera_D.png,40.848213,80.0,1.023567,7.094023,2.678475
nutrition5k/imagery/overhead/dish_1568305257/rgb.png,nutrition5k/imagery/sideA/dish_1568305257/first_frame_camera_A.png,nutrition5k/imagery/sideB/dish_1568305257/first_frame_camera_B.png,nutrition5k/imagery/sideC/dish_1568305257/first_frame_camera_C.png,nutrition5k/imagery/sideD/dish_1568305257/first_frame_camera_D.png,837.147766,420.0,65.496887,9.31325,52.072983
nutrition5k/imagery/overhead/dish_1568314823/rgb.png,nutrition5k/imagery/sideA/dish_1568314823/first_frame_camera_A.png,nutrition5k/imagery/sideB/dish_1568314823/first_frame_camera_B.png,nutrition5k/imagery/sideC/dish_1568314823/first_frame_camera_C.png,nutrition5k/imagery/sideD/dish_1568314823/first_frame_camera_D.png,144.0,90.0,13.500001,8.1,1.8
nutrition5k/imagery/overhead/dish_1565119464/rgb.png,nutrition5k/imagery/sideA/dish_1565119464/first_frame_camera_A.png,nutrition5k/imagery/sideB/dish_1565119464/first_frame_camera_B.png,nutrition5k/imagery/sideC/dish_1565119464/first_frame_camera_C.png,nutrition5k/imagery/sideD/dish_1565119464/first_frame_camera_D.png,504.065033,223.0,23.109737,44.41399,28.041883
nutrition5k/imagery/overhead/dish_1565725047/rgb.png,nutrition5k/imagery/sideA/dish_1565725047/first_frame_camera_A.png,nutrition5k/imagery/sideB/dish_1565725047/first_frame_camera_B.png,nutrition5k/imagery/sideC/dish_1565725047/first_frame_camera_C.png,nutrition5k/imagery/sideD/dish_1565725047/first_frame_camera_D.png,77.659996,110.0,4.84,9.372,0.946
nutrition5k/imagery/overhead/dish_1559841163/rgb.png,nutrition5k/imagery/sideA/dish_1559841163/first_frame_camera_A.png,nutrition5k/imagery/sideB/dish_1559841163/first_frame_camera_B.png,nutrition5k/imagery/sideC/dish_1559841163/first_frame_camera_C.png,nutrition5k/imagery/sideD/dish_1559841163/first_frame_camera_D.png,357.043518,335.0,18.222002,27.539,21.153002
nutrition5k/imagery/overhead/dish_1563568338/rgb.png,nutrition5k/imagery/sideA/dish_1563568338/first_frame_camera_A.png,nutrition5k/imagery/sideB/dish_1563568338/first_frame_camera_B.png,nutrition5k/imagery/sideC/dish_1563568338/first_frame_camera_C.png,nutrition5k/imagery/sideD/dish_1563568338/first_frame_camera_D.png,631.706665,371.0,29.600521,57.599113,38.704674
nutrition5k/imagery/overhead/dish_1563468299/rgb.png,nutrition5k/imagery/sideA/dish_1563468299/first_frame_camera_A.png,nutrition5k/imagery/sideB/dish_1563468299/first_frame_camera_B.png,nutrition5k/imagery/sideC/dish_1563468299/first_frame_camera_C.png,nutrition5k/imagery/sideD/dish_1563468299/first_frame_camera_D.png,210.350006,385.0,4.129,35.584,10.898
nutrition5k/imagery/overhead/dish_1558027001/rgb.png,nutrition5k/imagery/sideA/dish_1558027001/first_frame_camera_A.png,nutrition5k/imagery/sideB/dish_1558027001/first_frame_camera_B.png,nutrition5k/imagery/sideC/dish_1558027001/first_frame_camera_C.png,nutrition5k/imagery/sideD/dish_1558027001/first_frame_camera_D.png,20.400002,68.0,0.068,5.168,0.408
nutrition5k/imagery/overhead/dish_1565033265/rgb.png,nutrition5k/imagery/sideA/dish_1565033265/first_frame_camera_A.png,nutrition5k/imagery/sideB/dish_1565033265/first_frame_camera_B.png,nutrition5k/imagery/sideC/dish_1565033265/first_frame_camera_C.png,nutrition5k/imagery/sideD/dish_1565033265/first_frame_camera_D.png,1324.084961,625.0,106.343002,19.202002,76.664001
nutrition5k/imagery/overhead/dish_1563475921/rgb.png,nutrition5k/imagery/sideA/dish_1563475921/first_frame_camera_A.png,nutrition5k/imagery/sideB/dish_1563475921/first_frame_camera_B.png,nutrition5k/imagery/sideC/dish_1563475921/first_frame_camera_C.png,nutrition5k/imagery/sideD/dish_1563475921/first_frame_camera_D.png,244.343323,348.0,6.723852,27.165054,19.799664
nutrition5k/imagery/overhead/dish_1561665024/rgb.png,nutrition5k/imagery/sideA/dish_1561665024/first_frame_camera_A.png,nutrition5k/imagery/sideB/dish_1561665024/first_frame_camera_B.png,nutrition5k/imagery/sideC/dish_1561665024/first_frame_camera_C.png,nutrition5k/imagery/sideD/dish_1561665024/first_frame_camera_D.png,100.570984,121.0,6.984664,8.948565,2.141329
nutrition5k/imagery/overhead/dish_1563813308/rgb.png,nutrition5k/imagery/sideA/dish_1563813308/first_frame_camera_A.png,nutrition5k/imagery/sideB/dish_1563813308/first_frame_camera_B.png,nutrition5k/imagery/sideC/dish_1563813308/first_frame_camera_C.png,nutrition5k/imagery/sideD/dish_1563813308/first_frame_camera_D.png,224.982895,76.0,16.446194,3.901661,15.332276
nutrition5k/imagery/overhead/dish_1561062555/rgb.png,nutrition5k/imagery/sideA/dish_1561062555/first_frame_camera_A.png,nutrition5k/imagery/sideB/dish_1561062555/first_frame_camera_B.png,nutrition5k/imagery/sideC/dish_1561062555/first_frame_camera_C.png,nutrition5k/imagery/sideD/dish_1561062555/first_frame_camera_D.png,47.093922,32.0,3.147569,4.405365,1.027732
nutrition5k/imagery/overhead/dish_1562691674/rgb.png,nutrition5k/imagery/sideA/dish_1562691674/first_frame_camera_A.png,nutrition5k/imagery/sideB/dish_1562691674/first_frame_camera_B.png,nutrition5k/imagery/sideC/dish_1562691674/first_frame_camera_C.png,nutrition5k/imagery/sideD/dish_1562691674/first_frame_camera_D.png,376.976868,435.0,11.33825,42.573318,26.482393
nutrition5k/imagery/overhead/dish_1566591080/rgb.png,nutrition5k/imagery/sideA/dish_1566591080/first_frame_camera_A.png,nutrition5k/imagery/sideB/dish_1566591080/first_frame_camera_B.png,nutrition5k/imagery/sideC/dish_1566591080/first_frame_camera_C.png,nutrition5k/imagery/sideD/dish_1566591080/first_frame_camera_D.png,909.629578,549.0,43.513371,19.378721,103.567314
nutrition5k/imagery/overhead/dish_1564082462/rgb.png,nutrition5k/imagery/sideA/dish_1564082462/first_frame_camera_A.png,nutrition5k/imagery/sideB/dish_1564082462/first_frame_camera_B.png,nutrition5k/imagery/sideC/dish_1564082462/first_frame_camera_C.png,nutrition5k/imagery/sideD/dish_1564082462/first_frame_camera_D.png,905.354492,609.0,32.071827,40.532917,108.82251
nutrition5k/imagery/overhead/dish_1562602860/rgb.png,nutrition5k/imagery/sideA/dish_1562602860/first_frame_camera_A.png,nutrition5k/imagery/sideB/dish_1562602860/first_frame_camera_B.png,nutrition5k/imagery/sideC/dish_1562602860/first_frame_camera_C.png,nutrition5k/imagery/sideD/dish_1562602860/first_frame_camera_D.png,165.182281,258.0,5.622155,20.834251,10.206213
nutrition5k/imagery/overhead/dish_1561739954/rgb.png,nutrition5k/imagery/sideA/dish_1561739954/first_frame_camera_A.png,nutrition5k/imagery/sideB/dish_1561739954/first_frame_camera_B.png,nutrition5k/imagery/sideC/dish_1561739954/first_frame_camera_C.png,nutrition5k/imagery/sideD/dish_1561739954/first_frame_camera_D.png,276.119995,225.0,16.059999,16.556,15.39
nutrition5k/imagery/overhead/dish_1563216440/rgb.png,nutrition5k/imagery/sideA/dish_1563216440/first_frame_camera_A.png,nutrition5k/imagery/sideB/dish_1563216440/first_frame_camera_B.png,nutrition5k/imagery/sideC/dish_1563216440/first_frame_camera_C.png,nutrition5k/imagery/sideD/dish_1563216440/first_frame_camera_D.png,403.786346,352.0,6.472354,39.857891,44.691349
nutrition5k/imagery/overhead/dish_1563395480/rgb.png,nutrition5k/imagery/sideA/dish_1563395480/first_frame_camera_A.png,nutrition5k/imagery/sideB/dish_1563395480/first_frame_camera_B.png,nutrition5k/imagery/sideC/dish_1563395480/first_frame_camera_C.png,nutrition5k/imagery/sideD/dish_1563395480/first_frame_camera_D.png,370.521423,329.0,14.106581,31.81958,29.161797
nutrition5k/imagery/overhead/dish_1565640272/rgb.png,nutrition5k/imagery/sideA/dish_1565640272/first_frame_camera_A.png,nutrition5k/imagery/sideB/dish_1565640272/first_frame_camera_B.png,nutrition5k/imagery/sideC/dish_1565640272/first_frame_camera_C.png,nutrition5k/imagery/sideD/dish_1565640272/first_frame_camera_D.png,377.820007,405.0,13.907999,49.740002,16.559999
nutrition5k/imagery/overhead/dish_1565898158/rgb.png,nutrition5k/imagery/sideA/dish_1565898158/first_frame_camera_A.png,nutrition5k/imagery/sideB/dish_1565898158/first_frame_camera_B.png,nutrition5k/imagery/sideC/dish_1565898158/first_frame_camera_C.png,nutrition5k/imagery/sideD/dish_1565898158/first_frame_camera_D.png,240.425751,194.0,10.293161,10.249402,25.324493
nutrition5k/imagery/overhead/dish_1562960520/rgb.png,nutrition5k/imagery/sideA/dish_1562960520/first_frame_camera_A.png,nutrition5k/imagery/sideB/dish_1562960520/first_frame_camera_B.png,nutrition5k/imagery/sideC/dish_1562960520/first_frame_camera_C.png,nutrition5k/imagery/sideD/dish_1562960520/first_frame_camera_D.png,422.399261,303.0,19.659971,31.715603,29.545202
nutrition5k/imagery/overhead/dish_1560441270/rgb.png,nutrition5k/imagery/sideA/dish_1560441270/first_frame_camera_A.png,nutrition5k/imagery/sideB/dish_1560441270/first_frame_camera_B.png,nutrition5k/imagery/sideC/dish_1560441270/first_frame_camera_C.png,nutrition5k/imagery/sideD/dish_1560441270/first_frame_camera_D.png,24.540001,46.0,0.063,5.304,0.835
nutrition5k/imagery/overhead/dish_1561663855/rgb.png,nutrition5k/imagery/sideA/dish_1561663855/first_frame_camera_A.png,nutrition5k/imagery/sideB/dish_1561663855/first_frame_camera_B.png,nutrition5k/imagery/sideC/dish_1561663855/first_frame_camera_C.png,nutrition5k/imagery/sideD/dish_1561663855/first_frame_camera_D.png,179.138412,139.0,7.395212,14.409589,15.28675
nutrition5k/imagery/overhead/dish_1563389199/rgb.png,nutrition5k/imagery/sideA/dish_1563389199/first_frame_camera_A.png,nutrition5k/imagery/sideB/dish_1563389199/first_frame_camera_B.png,nutrition5k/imagery/sideC/dish_1563389199/first_frame_camera_C.png,nutrition5k/imagery/sideD/dish_1563389199/first_frame_camera_D.png,390.254456,284.0,8.273479,70.210716,16.497627
nutrition5k/imagery/overhead/dish_1558031302/rgb.png,nutrition5k/imagery/sideA/dish_1558031302/first_frame_camera_A.png,nutrition5k/imagery/sideB/dish_1558031302/first_frame_camera_B.png,nutrition5k/imagery/sideC/dish_1558031302/first_frame_camera_C.png,nutrition5k/imagery/sideD/dish_1558031302/first_frame_camera_D.png,56.98,74.0,0.074,12.58,1.48
nutrition5k/imagery/overhead/dish_1563392128/rgb.png,nutrition5k/imagery/sideA/dish_1563392128/first_frame_camera_A.png,nutrition5k/imagery/sideB/dish_1563392128/first_frame_camera_B.png,nutrition5k/imagery/sideC/dish_1563392128/first_frame_camera_C.png,nutrition5k/imagery/sideD/dish_1563392128/first_frame_camera_D.png,169.934235,162.0,18.81292,6.487778,21.133221
nutrition5k/imagery/overhead/dish_1563910171/rgb.png,nutrition5k/imagery/sideA/dish_1563910171/first_frame_camera_A.png,nutrition5k/imagery/sideB/dish_1563910171/first_frame_camera_B.png,nutrition5k/imagery/sideC/dish_1563910171/first_frame_camera_C.png,nutrition5k/imagery/sideD/dish_1563910171/first_frame_camera_D.png,571.183777,423.0,27.285721,24.938656,53.608376
nutrition5k/imagery/overhead/dish_1560368464/rgb.png,nutrition5k/imagery/sideA/dish_1560368464/first_frame_camera_A.png,nutrition5k/imagery/sideB/dish_1560368464/first_frame_camera_B.png,nutrition5k/imagery/sideC/dish_1560368464/first_frame_camera_C.png,nutrition5k/imagery/sideD/dish_1560368464/first_frame_camera_D.png,349.449951,275.0,18.062435,16.807095,29.051191
nutrition5k/imagery/overhead/dish_1560368990/rgb.png,nutrition5k/imagery/sideA/dish_1560368990/first_frame_camera_A.png,nutrition5k/imagery/sideB/dish_1560368990/first_frame_camera_B.png,nutrition5k/imagery/sideC/dish_1560368990/first_frame_camera_C.png,nutrition5k/imagery/sideD/dish_1560368990/first_frame_camera_D.png,211.92131,119.0,9.981677,14.39169,14.986163
nutrition5k/imagery/overhead/dish_1562958563/rgb.png,nutrition5k/imagery/sideA/dish_1562958563/first_frame_camera_A.png,nutrition5k/imagery/sideB/dish_1562958563/first_frame_camera_B.png,nutrition5k/imagery/sideC/dish_1562958563/first_frame_camera_C.png,nutrition5k/imagery/sideD/dish_1562958563/first_frame_camera_D.png,130.839996,68.0,9.767,2.686,8.158
nutrition5k/imagery/overhead/dish_1561579617/rgb.png,nutrition5k/imagery/sideA/dish_1561579617/first_frame_camera_A.png,nutrition5k/imagery/sideB/dish_1561579617/first_frame_camera_B.png,nutrition5k/imagery/sideC/dish_1561579617/first_frame_camera_C.png,nutrition5k/imagery/sideD/dish_1561579617/first_frame_camera_D.png,130.172348,304.0,4.552824,21.115883,4.427353
nutrition5k/imagery/overhead/dish_1566333167/rgb.png,nutrition5k/imagery/sideA/dish_1566333167/first_frame_camera_A.png,nutrition5k/imagery/sideB/dish_1566333167/first_frame_camera_B.png,nutrition5k/imagery/sideC/dish_1566333167/first_frame_camera_C.png,nutrition5k/imagery/sideD/dish_1566333167/first_frame_camera_D.png,344.544495,140.0,14.501362,31.633934,20.294445
nutrition5k/imagery/overhead/dish_1565033139/rgb.png,nutrition5k/imagery/sideA/dish_1565033139/first_frame_camera_A.png,nutrition5k/imagery/sideB/dish_1565033139/first_frame_camera_B.png,nutrition5k/imagery/sideC/dish_1565033139/first_frame_camera_C.png,nutrition5k/imagery/sideD/dish_1565033139/first_frame_camera_D.png,193.649994,274.0,14.177,17.355999,4.434
nutrition5k/imagery/overhead/dish_1563551194/rgb.png,nutrition5k/imagery/sideA/dish_1563551194/first_frame_camera_A.png,nutrition5k/imagery/sideB/dish_1563551194/first_frame_camera_B.png,nutrition5k/imagery/sideC/dish_1563551194/first_frame_camera_C.png,nutrition5k/imagery/sideD/dish_1563551194/first_frame_camera_D.png,471.643555,400.0,14.045855,57.670921,27.842804
nutrition5k/imagery/overhead/dish_1563464480/rgb.png,nutrition5k/imagery/sideA/dish_1563464480/first_frame_camera_A.png,nutrition5k/imagery/sideB/dish_1563464480/first_frame_camera_B.png,nutrition5k/imagery/sideC/dish_1563464480/first_frame_camera_C.png,nutrition5k/imagery/sideD/dish_1563464480/first_frame_camera_D.png,229.490005,213.0,10.918,25.838001,8.302
nutrition5k/imagery/overhead/dish_1567020054/rgb.png,nutrition5k/imagery/sideA/dish_1567020054/first_frame_camera_A.png,nutrition5k/imagery/sideB/dish_1567020054/first_frame_camera_B.png,nutrition5k/imagery/sideC/dish_1567020054/first_frame_camera_C.png,nutrition5k/imagery/sideD/dish_1567020054/first_frame_camera_D.png,122.001411,145.0,11.540041,7.937456,14.210079
nutrition5k/imagery/overhead/dish_1565370004/rgb.png,nutrition5k/imagery/sideA/dish_1565370004/first_frame_camera_A.png,nutrition5k/imagery/sideB/dish_1565370004/first_frame_camera_B.png,nutrition5k/imagery/sideC/dish_1565370004/first_frame_camera_C.png,nutrition5k/imagery/sideD/dish_1565370004/first_frame_camera_D.png,570.884766,370.0,41.655426,11.23975,36.877651
nutrition5k/imagery/overhead/dish_1566499633/rgb.png,nutrition5k/imagery/sideA/dish_1566499633/first_frame_camera_A.png,nutrition5k/imagery/sideB/dish_1566499633/first_frame_camera_B.png,nutrition5k/imagery/sideC/dish_1566499633/first_frame_camera_C.png,nutrition5k/imagery/sideD/dish_1566499633/first_frame_camera_D.png,161.386429,139.0,14.183504,8.426495,3.023964
nutrition5k/imagery/overhead/dish_1559849412/rgb.png,nutrition5k/imagery/sideA/dish_1559849412/first_frame_camera_A.png,nutrition5k/imagery/sideB/dish_1559849412/first_frame_camera_B.png,nutrition5k/imagery/sideC/dish_1559849412/first_frame_camera_C.png,nutrition5k/imagery/sideD/dish_1559849412/first_frame_camera_D.png,352.641022,61.0,30.195,13.847,13.664001
nutrition5k/imagery/overhead/dish_1562602657/rgb.png,nutrition5k/imagery/sideA/dish_1562602657/first_frame_camera_A.png,nutrition5k/imagery/sideB/dish_1562602657/first_frame_camera_B.png,nutrition5k/imagery/sideC/dish_1562602657/first_frame_camera_C.png,nutrition5k/imagery/sideD/dish_1562602657/first_frame_camera_D.png,610.365173,236.0,44.069649,31.015892,24.324261
nutrition5k/imagery/overhead/dish_1558116201/rgb.png,nutrition5k/imagery/sideA/dish_1558116201/first_frame_camera_A.png,nutrition5k/imagery/sideB/dish_1558116201/first_frame_camera_B.png,nutrition5k/imagery/sideC/dish_1558116201/first_frame_camera_C.png,nutrition5k/imagery/sideD/dish_1558116201/first_frame_camera_D.png,313.585999,91.0,24.843,3.822,17.563
nutrition5k/imagery/overhead/dish_1559668314/rgb.png,nutrition5k/imagery/sideA/dish_1559668314/first_frame_camera_A.png,nutrition5k/imagery/sideB/dish_1559668314/first_frame_camera_B.png,nutrition5k/imagery/sideC/dish_1559668314/first_frame_camera_C.png,nutrition5k/imagery/sideD/dish_1559668314/first_frame_camera_D.png,551.546021,300.0,38.153999,32.832001,21.035
nutrition5k/imagery/overhead/dish_1557861697/rgb.png,nutrition5k/imagery/sideA/dish_1557861697/first_frame_camera_A.png,nutrition5k/imagery/sideB/dish_1557861697/first_frame_camera_B.png,nutrition5k/imagery/sideC/dish_1557861697/first_frame_camera_C.png,nutrition5k/imagery/sideD/dish_1557861697/first_frame_camera_D.png,13.144,53.0,0.106,3.127,0.53
nutrition5k/imagery/overhead/dish_1565379251/rgb.png,nutrition5k/imagery/sideA/dish_1565379251/first_frame_camera_A.png,nutrition5k/imagery/sideB/dish_1565379251/first_frame_camera_B.png,nutrition5k/imagery/sideC/dish_1565379251/first_frame_camera_C.png,nutrition5k/imagery/sideD/dish_1565379251/first_frame_camera_D.png,32.936092,67.0,0.792689,6.608891,0.59528
nutrition5k/imagery/overhead/dish_1563306392/rgb.png,nutrition5k/imagery/sideA/dish_1563306392/first_frame_camera_A.png,nutrition5k/imagery/sideB/dish_1563306392/first_frame_camera_B.png,nutrition5k/imagery/sideC/dish_1563306392/first_frame_camera_C.png,nutrition5k/imagery/sideD/dish_1563306392/first_frame_camera_D.png,477.465118,288.0,13.979971,5.710499,77.775475
nutrition5k/imagery/overhead/dish_1559843335/rgb.png,nutrition5k/imagery/sideA/dish_1559843335/first_frame_camera_A.png,nutrition5k/imagery/sideB/dish_1559843335/first_frame_camera_B.png,nutrition5k/imagery/sideC/dish_1559843335/first_frame_camera_C.png,nutrition5k/imagery/sideD/dish_1559843335/first_frame_camera_D.png,25.410002,77.0,0.231,6.16,0.539
nutrition5k/imagery/overhead/dish_1558549214/rgb.png,nutrition5k/imagery/sideA/dish_1558549214/first_frame_camera_A.png,nutrition5k/imagery/sideB/dish_1558549214/first_frame_camera_B.png,nutrition5k/imagery/sideC/dish_1558549214/first_frame_camera_C.png,nutrition5k/imagery/sideD/dish_1558549214/first_frame_camera_D.png,239.190002,361.0,0.722,53.875004,5.712
nutrition5k/imagery/overhead/dish_1562775488/rgb.png,nutrition5k/imagery/sideA/dish_1562775488/first_frame_camera_A.png,nutrition5k/imagery/sideB/dish_1562775488/first_frame_camera_B.png,nutrition5k/imagery/sideC/dish_1562775488/first_frame_camera_C.png,nutrition5k/imagery/sideD/dish_1562775488/first_frame_camera_D.png,91.239998,145.0,0.158,12.433001,8.56
nutrition5k/imagery/overhead/dish_1562787956/rgb.png,nutrition5k/imagery/sideA/dish_1562787956/first_frame_camera_A.png,nutrition5k/imagery/sideB/dish_1562787956/first_frame_camera_B.png,nutrition5k/imagery/sideC/dish_1562787956/first_frame_camera_C.png,nutrition5k/imagery/sideD/dish_1562787956/first_frame_camera_D.png,26.84,61.0,1.281,2.623,1.952
nutrition5k/imagery/overhead/dish_1562775212/rgb.png,nutrition5k/imagery/sideA/dish_1562775212/first_frame_camera_A.png,nutrition5k/imagery/sideB/dish_1562775212/first_frame_camera_B.png,nutrition5k/imagery/sideC/dish_1562775212/first_frame_camera_C.png,nutrition5k/imagery/sideD/dish_1562775212/first_frame_camera_D.png,92.480003,136.0,1.904,16.32,3.264
nutrition5k/imagery/overhead/dish_1560801773/rgb.png,nutrition5k/imagery/sideA/dish_1560801773/first_frame_camera_A.png,nutrition5k/imagery/sideB/dish_1560801773/first_frame_camera_B.png,nutrition5k/imagery/sideC/dish_1560801773/first_frame_camera_C.png,nutrition5k/imagery/sideD/dish_1560801773/first_frame_camera_D.png,13.5,54.0,0.162,2.7,0.972
nutrition5k/imagery/overhead/dish_1562008813/rgb.png,nutrition5k/imagery/sideA/dish_1562008813/first_frame_camera_A.png,nutrition5k/imagery/sideB/dish_1562008813/first_frame_camera_B.png,nutrition5k/imagery/sideC/dish_1562008813/first_frame_camera_C.png,nutrition5k/imagery/sideD/dish_1562008813/first_frame_camera_D.png,214.593262,225.0,15.571491,15.597978,6.029664
nutrition5k/imagery/overhead/dish_1568061202/rgb.png,nutrition5k/imagery/sideA/dish_1568061202/first_frame_camera_A.png,nutrition5k/imagery/sideB/dish_1568061202/first_frame_camera_B.png,nutrition5k/imagery/sideC/dish_1568061202/first_frame_camera_C.png,nutrition5k/imagery/sideD/dish_1568061202/first_frame_camera_D.png,256.551605,334.0,7.670484,39.151718,9.440392
nutrition5k/imagery/overhead/dish_1560445069/rgb.png,nutrition5k/imagery/sideA/dish_1560445069/first_frame_camera_A.png,nutrition5k/imagery/sideB/dish_1560445069/first_frame_camera_B.png,nutrition5k/imagery/sideC/dish_1560445069/first_frame_camera_C.png,nutrition5k/imagery/sideD/dish_1560445069/first_frame_camera_D.png,94.527,243.0,0.243,22.112999,1.215
nutrition5k/imagery/overhead/dish_1566502573/rgb.png,nutrition5k/imagery/sideA/dish_1566502573/first_frame_camera_A.png,nutrition5k/imagery/sideB/dish_1566502573/first_frame_camera_B.png,nutrition5k/imagery/sideC/dish_1566502573/first_frame_camera_C.png,nutrition5k/imagery/sideD/dish_1566502573/first_frame_camera_D.png,821.510193,487.0,43.20623,60.718185,51.18927
nutrition5k/imagery/overhead/dish_1563900172/rgb.png,nutrition5k/imagery/sideA/dish_1563900172/first_frame_camera_A.png,nutrition5k/imagery/sideB/dish_1563900172/first_frame_camera_B.png,nutrition5k/imagery/sideC/dish_1563900172/first_frame_camera_C.png,nutrition5k/imagery/sideD/dish_1563900172/first_frame_camera_D.png,236.636597,255.0,12.947122,18.36488,11.786048
nutrition5k/imagery/overhead/dish_1562785132/rgb.png,nutrition5k/imagery/sideA/dish_1562785132/first_frame_camera_A.png,nutrition5k/imagery/sideB/dish_1562785132/first_frame_camera_B.png,nutrition5k/imagery/sideC/dish_1562785132/first_frame_camera_C.png,nutrition5k/imagery/sideD/dish_1562785132/first_frame_camera_D.png,211.542679,192.0,24.6008,10.392798,28.955555
nutrition5k/imagery/overhead/dish_1565383097/rgb.png,nutrition5k/imagery/sideA/dish_1565383097/first_frame_camera_A.png,nutrition5k/imagery/sideB/dish_1565383097/first_frame_camera_B.png,nutrition5k/imagery/sideC/dish_1565383097/first_frame_camera_C.png,nutrition5k/imagery/sideD/dish_1565383097/first_frame_camera_D.png,479.248993,430.0,25.929001,13.332999,50.022999
nutrition5k/imagery/overhead/dish_1560357427/rgb.png,nutrition5k/imagery/sideA/dish_1560357427/first_frame_camera_A.png,nutrition5k/imagery/sideB/dish_1560357427/first_frame_camera_B.png,nutrition5k/imagery/sideC/dish_1560357427/first_frame_camera_C.png,nutrition5k/imagery/sideD/dish_1560357427/first_frame_camera_D.png,93.749001,241.0,0.241,21.931,1.205
nutrition5k/imagery/overhead/dish_1568401261/rgb.png,nutrition5k/imagery/sideA/dish_1568401261/first_frame_camera_A.png,nutrition5k/imagery/sideB/dish_1568401261/first_frame_camera_B.png,nutrition5k/imagery/sideC/dish_1568401261/first_frame_camera_C.png,nutrition5k/imagery/sideD/dish_1568401261/first_frame_camera_D.png,530.393372,443.0,26.350721,34.582966,39.131962
nutrition5k/imagery/overhead/dish_1558031628/rgb.png,nutrition5k/imagery/sideA/dish_1558031628/first_frame_camera_A.png,nutrition5k/imagery/sideB/dish_1558031628/first_frame_camera_B.png,nutrition5k/imagery/sideC/dish_1558031628/first_frame_camera_C.png,nutrition5k/imagery/sideD/dish_1558031628/first_frame_camera_D.png,31.280001,92.0,0.184,7.36,0.736
nutrition5k/imagery/overhead/dish_1558029148/rgb.png,nutrition5k/imagery/sideA/dish_1558029148/first_frame_camera_A.png,nutrition5k/imagery/sideB/dish_1558029148/first_frame_camera_B.png,nutrition5k/imagery/sideC/dish_1558029148/first_frame_camera_C.png,nutrition5k/imagery/sideD/dish_1558029148/first_frame_camera_D.png,38.880001,108.0,0.108,9.72,0.54
nutrition5k/imagery/overhead/dish_1558461431/rgb.png,nutrition5k/imagery/sideA/dish_1558461431/first_frame_camera_A.png,nutrition5k/imagery/sideB/dish_1558461431/first_frame_camera_B.png,nutrition5k/imagery/sideC/dish_1558461431/first_frame_camera_C.png,nutrition5k/imagery/sideD/dish_1558461431/first_frame_camera_D.png,1.15,5.0,0.02,0.18,0.145
nutrition5k/imagery/overhead/dish_1562790824/rgb.png,nutrition5k/imagery/sideA/dish_1562790824/first_frame_camera_A.png,nutrition5k/imagery/sideB/dish_1562790824/first_frame_camera_B.png,nutrition5k/imagery/sideC/dish_1562790824/first_frame_camera_C.png,nutrition5k/imagery/sideD/dish_1562790824/first_frame_camera_D.png,437.071686,368.0,49.829514,19.273878,49.859921
nutrition5k/imagery/overhead/dish_1562959129/rgb.png,nutrition5k/imagery/sideA/dish_1562959129/first_frame_camera_A.png,nutrition5k/imagery/sideB/dish_1562959129/first_frame_camera_B.png,nutrition5k/imagery/sideC/dish_1562959129/first_frame_camera_C.png,nutrition5k/imagery/sideD/dish_1562959129/first_frame_camera_D.png,412.873596,293.0,22.177427,47.374996,24.672005
nutrition5k/imagery/overhead/dish_1560975517/rgb.png,nutrition5k/imagery/sideA/dish_1560975517/first_frame_camera_A.png,nutrition5k/imagery/sideB/dish_1560975517/first_frame_camera_B.png,nutrition5k/imagery/sideC/dish_1560975517/first_frame_camera_C.png,nutrition5k/imagery/sideD/dish_1560975517/first_frame_camera_D.png,42.389999,99.0,1.858,4.608,3.064
nutrition5k/imagery/overhead/dish_1560455158/rgb.png,nutrition5k/imagery/sideA/dish_1560455158/first_frame_camera_A.png,nutrition5k/imagery/sideB/dish_1560455158/first_frame_camera_B.png,nutrition5k/imagery/sideC/dish_1560455158/first_frame_camera_C.png,nutrition5k/imagery/sideD/dish_1560455158/first_frame_camera_D.png,69.12085,55.0,5.892522,3.531324,1.433316
nutrition5k/imagery/overhead/dish_1565972715/rgb.png,nutrition5k/imagery/sideA/dish_1565972715/first_frame_camera_A.png,nutrition5k/imagery/sideB/dish_1565972715/first_frame_camera_B.png,nutrition5k/imagery/sideC/dish_1565972715/first_frame_camera_C.png,nutrition5k/imagery/sideD/dish_1565972715/first_frame_camera_D.png,657.545837,510.0,46.845226,15.662046,43.166805
nutrition5k/imagery/overhead/dish_1560203424/rgb.png,nutrition5k/imagery/sideA/dish_1560203424/first_frame_camera_A.png,nutrition5k/imagery/sideB/dish_1560203424/first_frame_camera_B.png,nutrition5k/imagery/sideC/dish_1560203424/first_frame_camera_C.png,nutrition5k/imagery/sideD/dish_1560203424/first_frame_camera_D.png,451.753998,138.0,22.271999,50.211998,14.587999
nutrition5k/imagery/overhead/dish_1563913675/rgb.png,nutrition5k/imagery/sideA/dish_1563913675/first_frame_camera_A.png,nutrition5k/imagery/sideB/dish_1563913675/first_frame_camera_B.png,nutrition5k/imagery/sideC/dish_1563913675/first_frame_camera_C.png,nutrition5k/imagery/sideD/dish_1563913675/first_frame_camera_D.png,282.693146,228.0,12.514251,31.848915,12.170398
nutrition5k/imagery/overhead/dish_1567542876/rgb.png,nutrition5k/imagery/sideA/dish_1567542876/first_frame_camera_A.png,nutrition5k/imagery/sideB/dish_1567542876/first_frame_camera_B.png,nutrition5k/imagery/sideC/dish_1567542876/first_frame_camera_C.png,nutrition5k/imagery/sideD/dish_1567542876/first_frame_camera_D.png,495.807739,260.0,21.002985,45.708035,29.519905
nutrition5k/imagery/overhead/dish_1561753075/rgb.png,nutrition5k/imagery/sideA/dish_1561753075/first_frame_camera_A.png,nutrition5k/imagery/sideB/dish_1561753075/first_frame_camera_B.png,nutrition5k/imagery/sideC/dish_1561753075/first_frame_camera_C.png,nutrition5k/imagery/sideD/dish_1561753075/first_frame_camera_D.png,945.670715,668.0,47.436813,46.316841,82.687485
nutrition5k/imagery/overhead/dish_1561577573/rgb.png,nutrition5k/imagery/sideA/dish_1561577573/first_frame_camera_A.png,nutrition5k/imagery/sideB/dish_1561577573/first_frame_camera_B.png,nutrition5k/imagery/sideC/dish_1561577573/first_frame_camera_C.png,nutrition5k/imagery/sideD/dish_1561577573/first_frame_camera_D.png,755.432922,346.0,40.638695,24.98456,66.063805
nutrition5k/imagery/overhead/dish_1563550614/rgb.png,nutrition5k/imagery/sideA/dish_1563550614/first_frame_camera_A.png,nutrition5k/imagery/sideB/dish_1563550614/first_frame_camera_B.png,nutrition5k/imagery/sideC/dish_1563550614/first_frame_camera_C.png,nutrition5k/imagery/sideD/dish_1563550614/first_frame_camera_D.png,132.824387,205.0,1.753415,11.551586,15.085366
nutrition5k/imagery/overhead/dish_1565204891/rgb.png,nutrition5k/imagery/sideA/dish_1565204891/first_frame_camera_A.png,nutrition5k/imagery/sideB/dish_1565204891/first_frame_camera_B.png,nutrition5k/imagery/sideC/dish_1565204891/first_frame_camera_C.png,nutrition5k/imagery/sideD/dish_1565204891/first_frame_camera_D.png,302.886444,314.0,9.08052,40.929695,16.297201
nutrition5k/imagery/overhead/dish_1558115011/rgb.png,nutrition5k/imagery/sideA/dish_1558115011/first_frame_camera_A.png,nutrition5k/imagery/sideB/dish_1558115011/first_frame_camera_B.png,nutrition5k/imagery/sideC/dish_1558115011/first_frame_camera_C.png,nutrition5k/imagery/sideD/dish_1558115011/first_frame_camera_D.png,115.620003,20.0,9.9,4.54,4.48
nutrition5k/imagery/overhead/dish_1562776497/rgb.png,nutrition5k/imagery/sideA/dish_1562776497/first_frame_camera_A.png,nutrition5k/imagery/sideB/dish_1562776497/first_frame_camera_B.png,nutrition5k/imagery/sideC/dish_1562776497/first_frame_camera_C.png,nutrition5k/imagery/sideD/dish_1562776497/first_frame_camera_D.png,291.832458,292.0,13.205418,32.771591,11.634132
nutrition5k/imagery/overhead/dish_1559675234/rgb.png,nutrition5k/imagery/sideA/dish_1559675234/first_frame_camera_A.png,nutrition5k/imagery/sideB/dish_1559675234/first_frame_camera_B.png,nutrition5k/imagery/sideC/dish_1559675234/first_frame_camera_C.png,nutrition5k/imagery/sideD/dish_1559675234/first_frame_camera_D.png,36.970001,120.0,0.271,8.135,2.075
nutrition5k/imagery/overhead/dish_1565638323/rgb.png,nutrition5k/imagery/sideA/dish_1565638323/first_frame_camera_A.png,nutrition5k/imagery/sideB/dish_1565638323/first_frame_camera_B.png,nutrition5k/imagery/sideC/dish_1565638323/first_frame_camera_C.png,nutrition5k/imagery/sideD/dish_1565638323/first_frame_camera_D.png,467.824677,274.0,20.744896,29.2488,38.302158
nutrition5k/imagery/overhead/dish_1561405836/rgb.png,nutrition5k/imagery/sideA/dish_1561405836/first_frame_camera_A.png,nutrition5k/imagery/sideB/dish_1561405836/first_frame_camera_B.png,nutrition5k/imagery/sideC/dish_1561405836/first_frame_camera_C.png,nutrition5k/imagery/sideD/dish_1561405836/first_frame_camera_D.png,82.429001,31.0,2.914,10.385,3.472
nutrition5k/imagery/overhead/dish_1565898659/rgb.png,nutrition5k/imagery/sideA/dish_1565898659/first_frame_camera_A.png,nutrition5k/imagery/sideB/dish_1565898659/first_frame_camera_B.png,nutrition5k/imagery/sideC/dish_1565898659/first_frame_camera_C.png,nutrition5k/imagery/sideD/dish_1565898659/first_frame_camera_D.png,576.704529,537.0,11.448723,16.11227,97.243431
nutrition5k/imagery/overhead/dish_1562169818/rgb.png,nutrition5k/imagery/sideA/dish_1562169818/first_frame_camera_A.png,nutrition5k/imagery/sideB/dish_1562169818/first_frame_camera_B.png,nutrition5k/imagery/sideC/dish_1562169818/first_frame_camera_C.png,nutrition5k/imagery/sideD/dish_1562169818/first_frame_camera_D.png,346.819672,275.0,22.768761,16.997473,19.754049
nutrition5k/imagery/overhead/dish_1559934679/rgb.png,nutrition5k/imagery/sideA/dish_1559934679/first_frame_camera_A.png,nutrition5k/imagery/sideB/dish_1559934679/first_frame_camera_B.png,nutrition5k/imagery/sideC/dish_1559934679/first_frame_camera_C.png,nutrition5k/imagery/sideD/dish_1559934679/first_frame_camera_D.png,160.845459,146.0,7.257577,4.518153,18.901001
nutrition5k/imagery/overhead/dish_1562698276/rgb.png,nutrition5k/imagery/sideA/dish_1562698276/first_frame_camera_A.png,nutrition5k/imagery/sideB/dish_1562698276/first_frame_camera_B.png,nutrition5k/imagery/sideC/dish_1562698276/first_frame_camera_C.png,nutrition5k/imagery/sideD/dish_1562698276/first_frame_camera_D.png,434.58316,307.0,16.904676,35.99662,31.992001
nutrition5k/imagery/overhead/dish_1560368764/rgb.png,nutrition5k/imagery/sideA/dish_1560368764/first_frame_camera_A.png,nutrition5k/imagery/sideB/dish_1560368764/first_frame_camera_B.png,nutrition5k/imagery/sideC/dish_1560368764/first_frame_camera_C.png,nutrition5k/imagery/sideD/dish_1560368764/first_frame_camera_D.png,207.098907,270.0,15.165788,14.017039,7.992478
nutrition5k/imagery/overhead/dish_1563563317/rgb.png,nutrition5k/imagery/sideA/dish_1563563317/first_frame_camera_A.png,nutrition5k/imagery/sideB/dish_1563563317/first_frame_camera_B.png,nutrition5k/imagery/sideC/dish_1563563317/first_frame_camera_C.png,nutrition5k/imagery/sideD/dish_1563563317/first_frame_camera_D.png,345.84198,252.0,22.701002,8.312,28.483
nutrition5k/imagery/overhead/dish_1565895966/rgb.png,nutrition5k/imagery/sideA/dish_1565895966/first_frame_camera_A.png,nutrition5k/imagery/sideB/dish_1565895966/first_frame_camera_B.png,nutrition5k/imagery/sideC/dish_1565895966/first_frame_camera_C.png,nutrition5k/imagery/sideD/dish_1565895966/first_frame_camera_D.png,214.544357,287.0,9.93185,16.800755,16.543627
nutrition5k/imagery/overhead/dish_1566933226/rgb.png,nutrition5k/imagery/sideA/dish_1566933226/first_frame_camera_A.png,nutrition5k/imagery/sideB/dish_1566933226/first_frame_camera_B.png,nutrition5k/imagery/sideC/dish_1566933226/first_frame_camera_C.png,nutrition5k/imagery/sideD/dish_1566933226/first_frame_camera_D.png,245.449509,171.0,7.784025,19.447062,22.552277
nutrition5k/imagery/overhead/dish_1558458737/rgb.png,nutrition5k/imagery/sideA/dish_1558458737/first_frame_camera_A.png,nutrition5k/imagery/sideB/dish_1558458737/first_frame_camera_B.png,nutrition5k/imagery/sideC/dish_1558458737/first_frame_camera_C.png,nutrition5k/imagery/sideD/dish_1558458737/first_frame_camera_D.png,41.599998,32.0,0.096,8.96,0.864
nutrition5k/imagery/overhead/dish_1561392593/rgb.png,nutrition5k/imagery/sideA/dish_1561392593/first_frame_camera_A.png,nutrition5k/imagery/sideB/dish_1561392593/first_frame_camera_B.png,nutrition5k/imagery/sideC/dish_1561392593/first_frame_camera_C.png,nutrition5k/imagery/sideD/dish_1561392593/first_frame_camera_D.png,354.044922,325.0,24.260466,19.139467,16.3906
nutrition5k/imagery/overhead/dish_1566416421/rgb.png,nutrition5k/imagery/sideA/dish_1566416421/first_frame_camera_A.png,nutrition5k/imagery/sideB/dish_1566416421/first_frame_camera_B.png,nutrition5k/imagery/sideC/dish_1566416421/first_frame_camera_C.png,nutrition5k/imagery/sideD/dish_1566416421/first_frame_camera_D.png,313.741882,367.0,18.395054,36.646526,12.292887
nutrition5k/imagery/overhead/dish_1562009120/rgb.png,nutrition5k/imagery/sideA/dish_1562009120/first_frame_camera_A.png,nutrition5k/imagery/sideB/dish_1562009120/first_frame_camera_B.png,nutrition5k/imagery/sideC/dish_1562009120/first_frame_camera_C.png,nutrition5k/imagery/sideD/dish_1562009120/first_frame_camera_D.png,95.610138,146.0,5.247729,6.257764,9.354047
nutrition5k/imagery/overhead/dish_1560444869/rgb.png,nutrition5k/imagery/sideA/dish_1560444869/first_frame_camera_A.png,nutrition5k/imagery/sideB/dish_1560444869/first_frame_camera_B.png,nutrition5k/imagery/sideC/dish_1560444869/first_frame_camera_C.png,nutrition5k/imagery/sideD/dish_1560444869/first_frame_camera_D.png,14.040001,39.0,0.039,3.51,0.195
nutrition5k/imagery/overhead/dish_1562872365/rgb.png,nutrition5k/imagery/sideA/dish_1562872365/first_frame_camera_A.png,nutrition5k/imagery/sideB/dish_1562872365/first_frame_camera_B.png,nutrition5k/imagery/sideC/dish_1562872365/first_frame_camera_C.png,nutrition5k/imagery/sideD/dish_1562872365/first_frame_camera_D.png,9.879999,76.0,0.152,1.672,1.14
nutrition5k/imagery/overhead/dish_1563910137/rgb.png,nutrition5k/imagery/sideA/dish_1563910137/first_frame_camera_A.png,nutrition5k/imagery/sideB/dish_1563910137/first_frame_camera_B.png,nutrition5k/imagery/sideC/dish_1563910137/first_frame_camera_C.png,nutrition5k/imagery/sideD/dish_1563910137/first_frame_camera_D.png,131.283218,141.0,8.903819,11.986854,2.529557
nutrition5k/imagery/overhead/dish_1561661347/rgb.png,nutrition5k/imagery/sideA/dish_1561661347/first_frame_camera_A.png,nutrition5k/imagery/sideB/dish_1561661347/first_frame_camera_B.png,nutrition5k/imagery/sideC/dish_1561661347/first_frame_camera_C.png,nutrition5k/imagery/sideD/dish_1561661347/first_frame_camera_D.png,50.669998,132.0,1.632,7.215,3.426
nutrition5k/imagery/overhead/dish_1566931586/rgb.png,nutrition5k/imagery/sideA/dish_1566931586/first_frame_camera_A.png,nutrition5k/imagery/sideB/dish_1566931586/first_frame_camera_B.png,nutrition5k/imagery/sideC/dish_1566931586/first_frame_camera_C.png,nutrition5k/imagery/sideD/dish_1566931586/first_frame_camera_D.png,379.380005,389.0,15.281001,15.525999,46.593998
nutrition5k/imagery/overhead/dish_1563908923/rgb.png,nutrition5k/imagery/sideA/dish_1563908923/first_frame_camera_A.png,nutrition5k/imagery/sideB/dish_1563908923/first_frame_camera_B.png,nutrition5k/imagery/sideC/dish_1563908923/first_frame_camera_C.png,nutrition5k/imagery/sideD/dish_1563908923/first_frame_camera_D.png,49.279999,112.0,2.352,4.816,3.584
nutrition5k/imagery/overhead/dish_1563552016/rgb.png,nutrition5k/imagery/sideA/dish_1563552016/first_frame_camera_A.png,nutrition5k/imagery/sideB/dish_1563552016/first_frame_camera_B.png,nutrition5k/imagery/sideC/dish_1563552016/first_frame_camera_C.png,nutrition5k/imagery/sideD/dish_1563552016/first_frame_camera_D.png,493.589081,174.0,19.477127,69.953438,10.739063
nutrition5k/imagery/overhead/dish_1562784307/rgb.png,nutrition5k/imagery/sideA/dish_1562784307/first_frame_camera_A.png,nutrition5k/imagery/sideB/dish_1562784307/first_frame_camera_B.png,nutrition5k/imagery/sideC/dish_1562784307/first_frame_camera_C.png,nutrition5k/imagery/sideD/dish_1562784307/first_frame_camera_D.png,158.518127,157.0,5.112942,24.925295,5.678117
nutrition5k/imagery/overhead/dish_1561576295/rgb.png,nutrition5k/imagery/sideA/dish_1561576295/first_frame_camera_A.png,nutrition5k/imagery/sideB/dish_1561576295/first_frame_camera_B.png,nutrition5k/imagery/sideC/dish_1561576295/first_frame_camera_C.png,nutrition5k/imagery/sideD/dish_1561576295/first_frame_camera_D.png,249.067139,232.0,16.084234,23.931339,4.035298
nutrition5k/imagery/overhead/dish_1562876618/rgb.png,nutrition5k/imagery/sideA/dish_1562876618/first_frame_camera_A.png,nutrition5k/imagery/sideB/dish_1562876618/first_frame_camera_B.png,nutrition5k/imagery/sideC/dish_1562876618/first_frame_camera_C.png,nutrition5k/imagery/sideD/dish_1562876618/first_frame_camera_D.png,114.336998,43.0,4.042,14.405001,4.816
nutrition5k/imagery/overhead/dish_1565640427/rgb.png,nutrition5k/imagery/sideA/dish_1565640427/first_frame_camera_A.png,nutrition5k/imagery/sideB/dish_1565640427/first_frame_camera_B.png,nutrition5k/imagery/sideC/dish_1565640427/first_frame_camera_C.png,nutrition5k/imagery/sideD/dish_1565640427/first_frame_camera_D.png,195.761993,42.0,12.096,20.916,2.604
nutrition5k/imagery/overhead/dish_1559841808/rgb.png,nutrition5k/imagery/sideA/dish_1559841808/first_frame_camera_A.png,nutrition5k/imagery/sideB/dish_1559841808/first_frame_camera_B.png,nutrition5k/imagery/sideC/dish_1559841808/first_frame_camera_C.png,nutrition5k/imagery/sideD/dish_1559841808/first_frame_camera_D.png,73.110001,96.0,0.57,17.379999,1.29
nutrition5k/imagery/overhead/dish_1560788349/rgb.png,nutrition5k/imagery/sideA/dish_1560788349/first_frame_camera_A.png,nutrition5k/imagery/sideB/dish_1560788349/first_frame_camera_B.png,nutrition5k/imagery/sideC/dish_1560788349/first_frame_camera_C.png,nutrition5k/imagery/sideD/dish_1560788349/first_frame_camera_D.png,78.925995,134.0,0.536,4.824,13.400001
nutrition5k/imagery/overhead/dish_1566847431/rgb.png,nutrition5k/imagery/sideA/dish_1566847431/first_frame_camera_A.png,nutrition5k/imagery/sideB/dish_1566847431/first_frame_camera_B.png,nutrition5k/imagery/sideC/dish_1566847431/first_frame_camera_C.png,nutrition5k/imagery/sideD/dish_1566847431/first_frame_camera_D.png,101.240509,90.0,1.923067,17.232075,3.76984
nutrition5k/imagery/overhead/dish_1565726812/rgb.png,nutrition5k/imagery/sideA/dish_1565726812/first_frame_camera_A.png,nutrition5k/imagery/sideB/dish_1565726812/first_frame_camera_B.png,nutrition5k/imagery/sideC/dish_1565726812/first_frame_camera_C.png,nutrition5k/imagery/sideD/dish_1565726812/first_frame_camera_D.png,36.209755,65.0,1.839024,4.439024,1.521951
nutrition5k/imagery/overhead/dish_1561061687/rgb.png,nutrition5k/imagery/sideA/dish_1561061687/first_frame_camera_A.png,nutrition5k/imagery/sideB/dish_1561061687/first_frame_camera_B.png,nutrition5k/imagery/sideC/dish_1561061687/first_frame_camera_C.png,nutrition5k/imagery/sideD/dish_1561061687/first_frame_camera_D.png,508.347748,408.0,24.082794,32.991673,41.733879
nutrition5k/imagery/overhead/dish_1563996279/rgb.png,nutrition5k/imagery/sideA/dish_1563996279/first_frame_camera_A.png,nutrition5k/imagery/sideB/dish_1563996279/first_frame_camera_B.png,nutrition5k/imagery/sideC/dish_1563996279/first_frame_camera_C.png,nutrition5k/imagery/sideD/dish_1563996279/first_frame_camera_D.png,98.490021,278.0,1.893741,19.73682,3.910173
nutrition5k/imagery/overhead/dish_1558115448/rgb.png,nutrition5k/imagery/sideA/dish_1558115448/first_frame_camera_A.png,nutrition5k/imagery/sideB/dish_1558115448/first_frame_camera_B.png,nutrition5k/imagery/sideC/dish_1558115448/first_frame_camera_C.png,nutrition5k/imagery/sideD/dish_1558115448/first_frame_camera_D.png,64.860001,94.0,0.188,16.92,0.658
nutrition5k/imagery/overhead/dish_1559843030/rgb.png,nutrition5k/imagery/sideA/dish_1559843030/first_frame_camera_A.png,nutrition5k/imagery/sideB/dish_1559843030/first_frame_camera_B.png,nutrition5k/imagery/sideC/dish_1559843030/first_frame_camera_C.png,nutrition5k/imagery/sideD/dish_1559843030/first_frame_camera_D.png,25.410002,77.0,0.231,6.16,0.539
nutrition5k/imagery/overhead/dish_1564073860/rgb.png,nutrition5k/imagery/sideA/dish_1564073860/first_frame_camera_A.png,nutrition5k/imagery/sideB/dish_1564073860/first_frame_camera_B.png,nutrition5k/imagery/sideC/dish_1564073860/first_frame_camera_C.png,nutrition5k/imagery/sideD/dish_1564073860/first_frame_camera_D.png,492.309998,91.0,38.219997,1.274,33.670002
nutrition5k/imagery/overhead/dish_1561739973/rgb.png,nutrition5k/imagery/sideA/dish_1561739973/first_frame_camera_A.png,nutrition5k/imagery/sideB/dish_1561739973/first_frame_camera_B.png,nutrition5k/imagery/sideC/dish_1561739973/first_frame_camera_C.png,nutrition5k/imagery/sideD/dish_1561739973/first_frame_camera_D.png,295.369995,280.0,16.279999,20.406,16.709999
nutrition5k/imagery/overhead/dish_1565811091/rgb.png,nutrition5k/imagery/sideA/dish_1565811091/first_frame_camera_A.png,nutrition5k/imagery/sideB/dish_1565811091/first_frame_camera_B.png,nutrition5k/imagery/sideC/dish_1565811091/first_frame_camera_C.png,nutrition5k/imagery/sideD/dish_1565811091/first_frame_camera_D.png,504.400024,371.0,17.632,9.06,74.731003
nutrition5k/imagery/overhead/dish_1565984434/rgb.png,nutrition5k/imagery/sideA/dish_1565984434/first_frame_camera_A.png,nutrition5k/imagery/sideB/dish_1565984434/first_frame_camera_B.png,nutrition5k/imagery/sideC/dish_1565984434/first_frame_camera_C.png,nutrition5k/imagery/sideD/dish_1565984434/first_frame_camera_D.png,319.892303,430.0,12.747005,36.362114,17.977343
nutrition5k/imagery/overhead/dish_1563811686/rgb.png,nutrition5k/imagery/sideA/dish_1563811686/first_frame_camera_A.png,nutrition5k/imagery/sideB/dish_1563811686/first_frame_camera_B.png,nutrition5k/imagery/sideC/dish_1563811686/first_frame_camera_C.png,nutrition5k/imagery/sideD/dish_1563811686/first_frame_camera_D.png,319.428375,331.0,17.312544,25.879768,16.288153
nutrition5k/imagery/overhead/dish_1561663817/rgb.png,nutrition5k/imagery/sideA/dish_1561663817/first_frame_camera_A.png,nutrition5k/imagery/sideB/dish_1561663817/first_frame_camera_B.png,nutrition5k/imagery/sideC/dish_1561663817/first_frame_camera_C.png,nutrition5k/imagery/sideD/dish_1561663817/first_frame_camera_D.png,95.495369,86.0,4.993594,12.891619,2.099187
nutrition5k/imagery/overhead/dish_1566922978/rgb.png,nutrition5k/imagery/sideA/dish_1566922978/first_frame_camera_A.png,nutrition5k/imagery/sideB/dish_1566922978/first_frame_camera_B.png,nutrition5k/imagery/sideC/dish_1566922978/first_frame_camera_C.png,nutrition5k/imagery/sideD/dish_1566922978/first_frame_camera_D.png,124.32,84.0,9.24,1.344,8.400001
nutrition5k/imagery/overhead/dish_1557861216/rgb.png,nutrition5k/imagery/sideA/dish_1557861216/first_frame_camera_A.png,nutrition5k/imagery/sideB/dish_1557861216/first_frame_camera_B.png,nutrition5k/imagery/sideC/dish_1557861216/first_frame_camera_C.png,nutrition5k/imagery/sideD/dish_1557861216/first_frame_camera_D.png,0.0,1.0,0.0,0.0,0.0
nutrition5k/imagery/overhead/dish_1566316587/rgb.png,nutrition5k/imagery/sideA/dish_1566316587/first_frame_camera_A.png,nutrition5k/imagery/sideB/dish_1566316587/first_frame_camera_B.png,nutrition5k/imagery/sideC/dish_1566316587/first_frame_camera_C.png,nutrition5k/imagery/sideD/dish_1566316587/first_frame_camera_D.png,646.768066,311.0,50.825043,20.937225,26.908691
nutrition5k/imagery/overhead/dish_1560367715/rgb.png,nutrition5k/imagery/sideA/dish_1560367715/first_frame_camera_A.png,nutrition5k/imagery/sideB/dish_1560367715/first_frame_camera_B.png,nutrition5k/imagery/sideC/dish_1560367715/first_frame_camera_C.png,nutrition5k/imagery/sideD/dish_1560367715/first_frame_camera_D.png,597.531189,305.0,26.680105,40.813663,44.518318
nutrition5k/imagery/overhead/dish_1561575613/rgb.png,nutrition5k/imagery/sideA/dish_1561575613/first_frame_camera_A.png,nutrition5k/imagery/sideB/dish_1561575613/first_frame_camera_B.png,nutrition5k/imagery/sideC/dish_1561575613/first_frame_camera_C.png,nutrition5k/imagery/sideD/dish_1561575613/first_frame_camera_D.png,86.411438,70.0,8.211153,2.81841,1.679894
nutrition5k/imagery/overhead/dish_1566317742/rgb.png,nutrition5k/imagery/sideA/dish_1566317742/first_frame_camera_A.png,nutrition5k/imagery/sideB/dish_1566317742/first_frame_camera_B.png,nutrition5k/imagery/sideC/dish_1566317742/first_frame_camera_C.png,nutrition5k/imagery/sideD/dish_1566317742/first_frame_camera_D.png,154.720001,254.0,2.908,28.464001,5.376
nutrition5k/imagery/overhead/dish_1565195493/rgb.png,nutrition5k/imagery/sideA/dish_1565195493/first_frame_camera_A.png,nutrition5k/imagery/sideB/dish_1565195493/first_frame_camera_B.png,nutrition5k/imagery/sideC/dish_1565195493/first_frame_camera_C.png,nutrition5k/imagery/sideD/dish_1565195493/first_frame_camera_D.png,406.998535,291.0,21.026194,20.198807,30.984879
nutrition5k/imagery/overhead/dish_1560529844/rgb.png,nutrition5k/imagery/sideA/dish_1560529844/first_frame_camera_A.png,nutrition5k/imagery/sideB/dish_1560529844/first_frame_camera_B.png,nutrition5k/imagery/sideC/dish_1560529844/first_frame_camera_C.png,nutrition5k/imagery/sideD/dish_1560529844/first_frame_camera_D.png,91.68,168.0,0.3,22.296,1.278
nutrition5k/imagery/overhead/dish_1563220987/rgb.png,nutrition5k/imagery/sideA/dish_1563220987/first_frame_camera_A.png,nutrition5k/imagery/sideB/dish_1563220987/first_frame_camera_B.png,nutrition5k/imagery/sideC/dish_1563220987/first_frame_camera_C.png,nutrition5k/imagery/sideD/dish_1563220987/first_frame_camera_D.png,224.987503,110.0,12.479591,4.072388,22.457699
nutrition5k/imagery/overhead/dish_1563913709/rgb.png,nutrition5k/imagery/sideA/dish_1563913709/first_frame_camera_A.png,nutrition5k/imagery/sideB/dish_1563913709/first_frame_camera_B.png,nutrition5k/imagery/sideC/dish_1563913709/first_frame_camera_C.png,nutrition5k/imagery/sideD/dish_1563913709/first_frame_camera_D.png,337.888184,263.0,13.28425,42.313908,13.815399
nutrition5k/imagery/overhead/dish_1563305883/rgb.png,nutrition5k/imagery/sideA/dish_1563305883/first_frame_camera_A.png,nutrition5k/imagery/sideB/dish_1563305883/first_frame_camera_B.png,nutrition5k/imagery/sideC/dish_1563305883/first_frame_camera_C.png,nutrition5k/imagery/sideD/dish_1563305883/first_frame_camera_D.png,83.052505,77.0,7.017997,4.055908,2.14745
nutrition5k/imagery/overhead/dish_1560454488/rgb.png,nutrition5k/imagery/sideA/dish_1560454488/first_frame_camera_A.png,nutrition5k/imagery/sideB/dish_1560454488/first_frame_camera_B.png,nutrition5k/imagery/sideC/dish_1560454488/first_frame_camera_C.png,nutrition5k/imagery/sideD/dish_1560454488/first_frame_camera_D.png,48.244003,42.0,4.500726,1.893843,0.63549
nutrition5k/imagery/overhead/dish_1559933793/rgb.png,nutrition5k/imagery/sideA/dish_1559933793/first_frame_camera_A.png,nutrition5k/imagery/sideB/dish_1559933793/first_frame_camera_B.png,nutrition5k/imagery/sideC/dish_1559933793/first_frame_camera_C.png,nutrition5k/imagery/sideD/dish_1559933793/first_frame_camera_D.png,56.676903,111.0,1.420199,9.842957,3.716384
